t,x_true,y_true,psi,v,a_cmd,omega_cmd,x_meas,y_meas
0.0,3.061616997868383e-17,-4.5,1.5707963267948966,5.0,0.0,0.0,-0.12521205891393825,-4.794970927917489
0.1,6.123233995736766e-17,-4.0,1.5707963267948966,5.0,0.0,0.0,-0.6803023392503115,-3.859454757523592
0.2,9.184850993605148e-17,-3.5,1.5707963267948966,5.0,0.0,0.0,0.18573462819085917,-3.782244341179532
0.30000000000000004,1.2246467991473532e-16,-3.0,1.5707963267948966,5.0,0.0,0.0,-0.45500068956264267,-2.8900576382502337
0.4,1.5308084989341916e-16,-2.5,1.5707963267948966,5.0,0.0,0.0,0.5880246914023908,-2.462422506819042
0.5,1.83697019872103e-16,-2.0,1.5707963267948966,5.0,0.0,0.0,-0.8196702648211562,-1.1557581312362335
0.6000000000000001,2.1431318985078683e-16,-1.5,1.5707963267948966,5.0,0.0,0.0,0.38949757037263627,-1.0573104183398985
0.7000000000000001,2.4492935982947064e-16,-1.0,1.5707963267948966,5.0,0.0,0.0,0.204288243039969,-1.0600278922202635
0.8,2.755455298081545e-16,-0.5,1.5707963267948966,5.0,0.0,0.0,0.9530140644367605,-0.01829953657339528
0.9,3.061616997868383e-16,0.0,1.5707963267948968,5.0,0.0,1.7763568394002505e-15,-2.007091250296347,0.5282023526064562
1.0,2.257555673030065e-16,0.5,1.2566370614359175,5.0,0.0,-3.1415926535897936,0.9140374183794591,0.025521293356132235
1.1,0.15450849718747386,0.9755282581475768,1.0019766244059458,5.0,0.0,-2.5466043702997165,0.6099850718526137,0.665178657364098
1.2000000000000002,0.4238274868742956,1.3967969156502085,0.7950464359808586,5.0,0.0,-2.069301884250873,1.1639683165066548,0.8670003617797596
1.3,0.7739532950389681,1.7537449769378908,0.6265987413573059,5.0,0.0,-1.6844769462355265,1.150953197703521,0.9764592652615712
1.4000000000000001,1.178966627186634,2.0469414993979034,0.4892921198744662,5.0,0.0,-1.3730662148283965,0.8962545178918568,1.5026157044830222
1.5,1.6202995193012015,2.281942091605224,0.3772530096709052,5.0,0.0,-1.1203911020356099,1.3958105812072128,1.740116183437306
1.6,2.085139542005416,2.466126111792496,0.2857554222257202,5.0,0.0,-0.9149758744518497,1.2439853474062335,2.6514572450493907
1.7000000000000002,2.564864035139619,2.607067272164944,0.21098117859357318,5.0,0.0,-0.7477424363214702,3.1506935273927725,2.6926310312226858
1.8,3.0537769889320616,2.711776983338019,0.14983652430188887,5.0,0.0,-0.611446542916843,2.9951535689063062,3.130584636985875
1.9000000000000001,3.548174736045489,2.786415228555652,0.0998094322331411,5.0,0.0,-0.5002709206874778,3.4150334875069146,2.6569272110049647
2.0,4.045686322166417,2.836237128112354,0.05885710805545625,5.0,0.0,-0.4095232417768484,4.435288459446433,3.3972462442214626
2.1,4.544820532353694,2.865648694216917,0.025316453437343296,5.0,0.0,-0.33540654618112953,4.579813155521683,2.597234923280177
2.2,5.044660310207809,2.878305568821203,-0.0021676893742541177,5.0,0.0,-0.2748414281159741,4.91711351755389,3.034134079608583
2.3000000000000003,5.544659135488963,2.877221724982885,-0.024700324147559235,5.0,0.0,-0.22532634773305116,6.25542019566659,1.5057962889882897
2.4000000000000004,6.044506616740335,2.8648728186888204,-0.04318299879809718,5.0,0.0,-0.18482674650537945,6.239750937113825,3.061171862263279
2.5,6.54404049633479,2.8432880291991594,-0.058351635456092815,5.0,0.0,-0.15168636657995638,6.2535084665155525,2.7278094733906624
2.6,7.043189509497174,2.8141287655078724,-0.0708072304769138,5.0,0.0,-0.12455595020820986,6.991954039346213,2.543402739346497
2.7,7.541936617121577,2.77875472649205,-0.08104080020484897,5.0,0.0,-0.10233569727935166,7.080450740850361,2.642896291275233
2.8000000000000003,8.040295612715376,2.7382786655332585,-0.08945367045288131,5.0,0.0,-0.08412870248032345,7.539341212675157,1.940681674760517
2.9000000000000004,8.538296456556703,2.693611456830155,-0.09637399099842613,5.0,0.0,-0.06920320545544811,9.050178279549499,2.2907235229342806
3.0,9.035976266672298,2.645499019734278,-0.10207018538197779,5.0,0.0,-0.05696194383551667,9.471194485143085,2.0133322038168595
3.1,9.533373946481358,2.5945524975707004,-0.10676191012350907,5.0,0.0,-0.04691724741531278,9.788868662138107,2.3037404895751497
3.2,10.03052712569009,2.541272891691431,-0.11062898836020252,5.0,0.0,-0.03867078236693455,9.547630853947146,2.953051804432345
3.3000000000000003,10.527470551725196,2.4860711587431688,-0.11381869509187088,5.0,0.0,-0.031897067316683625,10.253683116244693,2.18813959777735
3.4000000000000004,11.024235372713719,2.4292846055087898,-0.11645170031920019,5.0,0.0,-0.026330052273292992,11.030837289605927,2.6284513417902473
3.5,11.520848952619648,2.3711902662577327,-0.11862691898852736,5.0,0.0,-0.021752186693271724,12.158279082243064,1.531116680458444
3.6,12.01733498985186,2.312015822166942,-0.12042547015924501,5.0,0.0,-0.01798551170717655,12.66588366452027,2.3240276666258155
3.7,12.513713795862854,2.251948518722377,-0.12191391008141204,5.0,0.0,-0.014884399221670286,12.587250432683472,2.385839466926752
3.8000000000000003,13.01000264548244,2.1911424520573792,-0.12314687323155132,5.0,0.0,-0.012329631501392768,13.140633091261723,3.399242908479183
3.9000000000000004,13.506216146252875,2.12972452590264,-0.12416923045558749,5.0,0.0,-0.010223572240361634,13.320689001211745,2.1918178800325734
4.0,14.00236659664906,2.0677993244765425,-0.125017853123347,5.0,0.0,-0.008486226677595354,14.852252184339745,2.47078547819389
4.1000000000000005,14.498464317267965,2.0054531008801946,-0.12572305573188225,5.0,0.0,-0.007052026085352381,14.92514277319392,2.7706973628067795
4.2,14.994517947813652,1.9427570434088974,-0.12630977599539023,5.0,0.0,-0.005867202635079671,15.562419773563912,2.3678566849566907
4.3,15.490534707933174,1.8797699520287365,-0.12679854055266718,5.0,0.0,-0.00488764557276955,15.750612633050284,1.9006969051422238
4.4,15.986520622949172,1.8165404327695844,-0.12720625554253526,5.0,0.0,-0.0040771498986806876,16.642005157366672,2.0579702774971818
4.5,16.482480717118836,1.7531086978790889,-0.12754685406501245,5.0,0.0,-0.003405985224771868,16.53773489999034,1.869137167057615
4.6000000000000005,16.978419177766227,1.6895080433958511,-0.12783182665382797,5.0,0.0,-0.002849725888155241,16.87431488154488,1.004282267259292
4.7,17.474339493833277,1.6257660626299872,-0.12807065608451162,5.0,0.0,-0.0023882943068365137,17.31806648299602,0.9198043179645516
4.800000000000001,17.970244572295975,1.5619056433164038,-0.1282711739287853,5.0,0.0,-0.0020051784427366215,18.99269606928213,1.6716869189325492
4.9,18.466136835635613,1.49794578747002,-0.12843985307539094,5.0,0.0,-0.0016867914660565475,18.569482512329184,1.6640376577244234
5.0,18.962018303226674,1.433902285850158,-0.12858204783566832,5.0,0.0,-0.0014219476027736988,17.934636787311295,1.1433047960171008
5.1000000000000005,19.45789065915421,1.3697882731315827,-0.1287021911300745,5.0,0.0,-0.001201432944061942,19.91315460042873,1.2712442697971729
5.2,19.953755308634243,1.3056146851374286,-0.12880395652070803,5.0,0.0,-0.0010176539063353474,20.365617053547904,2.0188691506680234
5.300000000000001,20.449613424896402,1.241390635615903,-0.128890391442654,5.0,0.0,-0.0008643492194595481,20.005390998377322,1.7152174859277858
5.4,20.945465988105582,1.1771237268767643,-0.12896402683502087,5.0,0.0,-0.0007363539236688865,21.67630026034858,0.7889147322841641
5.5,21.441313817651427,1.1128203060138435,-0.12902696743336803,5.0,0.0,-0.0006294059834717203,22.082248491843266,0.43702258693824736
5.6000000000000005,21.937157598919335,1.048485676319232,-0.12908096622044965,5.0,0.0,-0.0005399878708161054,21.029103098479933,0.2007341858559588
5.7,22.432997905472366,0.984124271755659,-0.1291274859110405,5.0,0.0,-0.00046519690590862695,21.570886387138113,1.3389383093184972
5.800000000000001,22.928835217416253,0.9197398009240926,-0.1291677498448657,5.0,0.0,-0.0004026393382519089,22.598356634579854,1.4448630922408667
5.9,23.424669936586145,0.8553353657840049,-0.12920278426111023,5.0,0.0,-0.0003503441624452819,23.33787219878865,0.5596167576464648
6.0,23.920502399079954,0.7909135594035063,-0.1292334536165418,5.0,0.0,-0.0003066935543154514,23.558991177014523,0.33130922813792213
6.1000000000000005,24.416332885565293,0.7264765461912812,-0.12926049038225398,5.0,0.0,-0.00027036765712207256,24.597103074759914,0.22386434961653578
6.2,24.91216162970098,0.662026127349913,-0.12928452061776138,5.0,0.0,-0.0002403023550741068,24.98875339033063,0.5830420486109404
6.300000000000001,25.407988824934762,0.5975637936456615,-0.129306086601695,5.0,0.0,-0.00021565983933591326,25.525880213198853,0.5362652725411418
6.4,25.903814629859593,0.533090766955075,-0.12932566796225592,5.0,0.0,-0.00019581360560927408,25.968042907656947,1.0029186312830447
6.5,26.399639172219782,0.4686080313329879,-0.1293437032572126,5.0,0.0,-0.0001803529495667533,26.278516973110225,0.15738633120368734
6.6000000000000005,26.895462551534177,0.4041163533795203,-0.12936061519492967,5.0,0.0,-0.00016911937717090098,27.155426938053985,0.8556234597676122
6.7,27.391284840098425,0.3396162901011662,-0.1293768457036976,5.0,0.0,-0.00016230508767911545,27.65559017337957,-0.5581894114540125
6.800000000000001,27.887106081728522,0.2751081793833062,-0.12939291490393753,5.0,0.0,-0.00016069200239954284,27.343244270491258,0.14404627486576044
6.9,28.382926286700858,0.21059210122296015,-0.12940954108663444,5.0,0.0,-0.00016626182696910519,28.493209499429316,0.6502980823573915
7.0,28.87874541894856,0.14606777947421892,-0.1294279398095204,5.0,0.0,-0.00018398722885937246,28.874668093407625,0.31687864070562155
7.1000000000000005,29.374563363947228,0.08153433529758358,-0.12945079456838698,5.0,0.0,-0.00022854758866586167,30.599216656478994,0.20225123095061773
7.2,29.870379833920097,0.016989559338228752,-0.12948719611359089,5.0,0.0,-0.00036401545203901264,28.587931418206715,0.7421445015974055
7.300000000000001,30.36619395403489,-0.04757326506400339,0.3668945864969024,5.0,0.0,4.963817826104933,30.27921030186549,-0.07134535265629707
7.4,30.832916860913567,0.131785950463714,0.7668497304635931,5.0,0.0,3.999551439666906,30.481569144113045,0.35779746195047446
7.5,31.192966919552653,0.4787210384470298,1.0910010926378702,5.0,0.0,3.2415136217427705,30.660905057857537,0.8542231940010304
7.6000000000000005,31.423765689352,0.9222657688397016,1.354914466617229,5.0,0.0,2.6391337397935892,30.303615415138648,0.8317405263962983
7.7,31.530870140255978,1.410659704711716,1.570523299708475,5.0,0.0,2.1560883309124588,31.322281918572887,1.8238944558546042
7.800000000000001,31.531006653797494,1.9106596860757685,1.7471277302613117,5.0,0.0,1.7660443055283679,31.376487516885298,1.2314954656865684
7.9,31.443297128188224,2.402906615083352,1.8920758704578726,5.0,0.0,1.449481401965608,31.379681028655877,2.427028765223258
8.0,31.28540668271853,2.877322684825284,2.011234973593359,5.0,0.0,1.1915910313548634,31.095814553586454,3.7828787394480603
8.1,31.07223853747052,3.329605054425871,2.1093264344930778,5.0,0.0,0.9809146089971916,31.48243304803976,3.832600809925686
8.200000000000001,30.815801188819307,3.7588367939521286,2.1901711210071797,5.0,0.0,0.8084468651410184,30.54454139626112,3.313014702785291
8.3,30.525538086073965,4.165957576011516,2.2568738638525625,5.0,0.0,0.6670274284538271,31.518361486804444,4.276754988288905
8.4,30.208784531432755,4.552826010524023,2.311965247076311,5.0,0.0,0.5509138322374811,29.16416206076974,4.968244089432808
8.5,29.871209200611677,4.921665943314711,2.357512445339703,5.0,0.0,0.45547198263392197,30.091913660991953,5.151837971811208
8.6,29.517190149704398,5.274753059469789,2.3952069780952936,5.0,0.0,0.37694532755590604,29.535874996895345,4.9036787960855905
8.700000000000001,29.150116275685146,5.614247935738193,2.4264348443794734,5.0,0.0,0.31227866284180017,29.110818556115735,5.000497441911691
8.8,28.77262139101372,5.9421162203387405,2.4523329608838136,5.0,0.0,0.2589811650434033,27.389649186521062,6.562678752888225
8.9,28.38676287264851,6.260099244736283,2.4738348040739213,5.0,0.0,0.21501843190107817,28.416561449069437,5.999805599562167
9.0,27.994156853389914,6.569712735466124,2.4917074548345264,5.0,0.0,0.1787265076060489,27.750624909794105,5.955203970234136
9.1,27.596080218662088,6.872260240634764,2.506581744729419,5.0,0.0,0.1487428989489299,27.52594506896423,6.837571051244145
9.200000000000001,27.19354760589465,7.168853389002387,2.5189768368530836,5.0,0.0,0.12395092123664231,27.160719916442293,6.771563306694761
9.3,26.78736970968498,7.460434452569086,2.5293202988341714,5.0,0.0,0.1034346198108782,26.911465623610443,8.175092033742294
9.4,26.378197637333123,7.747798707839792,2.5379645140057336,5.0,0.0,0.08644215171562397,26.56701389463403,8.670961685696666
9.5,25.966556844537433,8.031615299508664,2.545200111622207,5.0,0.0,0.07235597616473388,25.818816718895413,7.602408426626045
9.600000000000001,25.552873262454188,8.312446020610855,2.5512669665120074,5.0,0.0,0.06066854889800588,25.681817268883357,9.211237301551174
9.700000000000001,25.13749354473528,8.590761830632058,2.556363214501721,5.0,0.0,0.050962479897137314,26.409385011562936,8.294175250155396
9.8,24.720700860824692,8.866957157599423,2.5606526464261594,5.0,0.0,0.04289431924438425,25.06479457293997,9.31237049180335
9.9,24.302727293819782,9.141362145318654,2.5642707761750567,5.0,0.0,0.03618129748897214,23.586346155076832,8.921092794260911
10.0,23.883763631946074,9.41425305764329,2.5673298237088282,5.0,0.0,0.03059047533771686,23.908806792081048,8.753296182538685
10.100000000000001,23.46396714538363,9.685861065385748,2.5699228097460005,5.0,0.0,0.025929860371724622,23.343397186361447,9.347936932309583
10.200000000000001,23.04346779510486,9.956379634831784,2.572126922883287,5.0,0.0,0.02204113137286523,23.45752995712942,10.7224727918056
10.3,22.6223732131927,10.225970719781234,2.574006290675419,5.0,0.0,0.01879367792132136,22.078292596790916,10.659350162579305
10.4,22.20077271443441,10.49476993750101,2.5756142624198444,5.0,0.0,0.016079717444251962,21.776603962813233,11.069931618734655
10.5,21.778740539354708,10.76289088632354,2.576995292062186,5.0,0.0,0.01381029642341769,21.448250163225094,10.628728153190595
10.600000000000001,21.356338483873515,11.030428740701687,2.578186493971848,5.0,0.0,0.011912019096619098,21.203635840900176,11.032059924033916
10.700000000000001,20.933618036550843,11.297463239250696,2.579218931721035,5.0,0.0,0.010324377491872205,20.640154189606616,12.00158176025906
10.8,20.51062211807521,11.564061163010347,2.580118689985855,5.0,0.0,0.008997582648197167,19.98668604209083,11.480319466121548
10.9,20.08738649716798,11.83027838483356,2.5809077719974503,5.0,0.0,0.007890820115952657,21.01251556446715,13.142238669392423
11.0,19.66394094082554,12.096161556196178,2.581604859544042,5.0,0.0,0.006970875465917459,19.851915044185745,12.28654330984555
11.100000000000001,19.240310143533176,12.361749484358274,2.5822259696405583,5.0,0.0,0.006211100965161087,18.867009445958004,12.541401630296116
11.200000000000001,18.81651446862139,12.627074239942939,2.582785042553214,5.0,0.0,0.005590729126558891,18.722861237984844,12.123470250407882
11.3,18.392570524064745,12.892162021392316,2.5832945021461247,5.0,0.0,0.005094595929104884,17.92968141915812,13.218822133210043
11.4,17.968491583017848,13.157033786139982,2.583765846909914,5.0,0.0,0.004713447637890056,18.03561110710653,13.312281600367404
11.5,17.54428784316412,13.421705634084018,2.5842103720657152,5.0,0.0,0.004445251558012231,17.541531680509543,13.320322521714296
11.600000000000001,17.11996649193171,13.686188886650791,2.584640226564842,5.0,0.0,0.004298544991265807,17.03220100504845,14.770558048129441
11.700000000000001,16.695531490588703,13.950489718346347,2.5850702855992753,5.0,0.0,0.004300590344336719,17.766971836904396,13.082144757554918
11.8,16.270982863538514,14.214607993499351,2.585522167457807,5.0,0.0,0.00451881858531511,15.663651987959076,13.508722858017022
11.9,15.846314929581158,14.478534395870149,2.586034898201129,5.0,0.0,0.005127307433221873,16.19818469281272,15.625845041481014
12.0,15.421511728270335,14.742243023252867,2.5867029772495482,5.0,0.0,0.006680790484189458,15.735334033103843,15.473881265790808
12.100000000000001,14.996532443564899,15.005667789687715,2.230994540289009,5.0,0.0,-3.5570843696053913,16.243338144294256,14.91536921041961
12.200000000000001,14.689895730040556,15.400603133660612,1.941814358138124,5.0,0.0,-2.891801821508851,15.002494579608001,15.573159131435105
12.3,14.508613538603509,15.8665824970103,1.7057796277918114,5.0,0.0,-2.3603473034631266,13.862652646452279,15.392408271621383
12.4,14.441326656641412,16.362034286305505,1.5125419643736344,5.0,0.0,-1.9323766341817699,14.544113975932538,16.689605829624774
12.5,14.47043736645548,16.861186133516473,1.3539750888513056,5.0,0.0,-1.5856687552232893,15.511960248257836,16.251754267725833
12.600000000000001,14.578000556440236,17.349479242376617,1.2236195589796144,5.0,0.0,-1.303555298716911,14.159174267719964,17.34763433138765
12.700000000000001,14.74812274501305,17.819647766371148,1.116293921386425,5.0,0.0,-1.0732563759318943,15.195309767612823,18.12754816057767
12.8,14.967630389807741,18.26888756188874,1.0278141030322765,5.0,0.0,-0.8847981835414842,14.599280821063207,18.212826740067964
12.9,15.225976180207397,18.696973362380625,0.9547850399725532,5.0,0.0,-0.7302906305972332,15.942717906623134,18.236451131351973
13.0,15.514868289877539,19.105068141776705,0.8944421427670431,5.0,0.0,-0.6034289720550996,15.16023069148097,19.22761034112387
13.100000000000001,15.827845272035278,19.494998146571714,0.8445283233536673,5.0,0.0,-0.49913819413375826,15.61466853544418,20.17062830949338
13.200000000000001,16.15988727660851,19.868827127790382,0.8031971862751439,5.0,0.0,-0.41331137078523383,16.553002204090042,20.118579137902877
13.3,16.50709209227919,20.228617088705207,0.7689359746037479,5.0,0.0,-0.3426121167139602,16.959525261969095,20.17560446503798
13.4,16.866417576605713,20.576302573466233,0.7405037433542108,5.0,0.0,-0.2843223124953713,16.860820126506855,20.951386493226998
13.5,17.235481975102577,20.913632485810435,0.716881459697856,5.0,0.0,-0.23622283656354792,17.40314279225863,20.816313689177232
13.600000000000001,17.612411168962197,21.24215095228734,0.6972315574132565,5.0,0.0,-0.19649902284599463,17.629695750940844,21.289301957548233
13.700000000000001,17.995722535816437,21.563199852052364,0.6808650521299133,5.0,0.0,-0.1636650528334318,18.469326947781518,21.768414461282305
13.8,18.38423678038611,21.877932566854078,0.6672147422530247,5.0,0.0,-0.13650309876888667,18.485665151048085,21.100556660579812
13.9,18.77701089506932,22.187332784751256,0.6558133312762544,5.0,0.0,-0.11401410976770254,18.9283295964232,21.98452983838797
14.0,19.17328700386322,22.492234810981266,0.6462755435631814,5.0,0.0,-0.09537787713072987,18.925260907006226,22.57361750215906
14.100000000000001,19.57245313500339,22.793343428842977,0.6382834887813211,5.0,0.0,-0.07992054781860247,19.310724116906723,22.189267437509205
14.200000000000001,19.974012969205514,23.091252306783133,0.6315746740297169,5.0,0.0,-0.06708814751604208,20.1138381303277,23.267641379685802
14.3,20.377562367182442,23.38646051024716,0.6259321769265428,5.0,0.0,-0.056424971031741045,20.00388068985623,23.19558720228649
14.4,20.782771043713375,23.679387000111173,0.6211765843296174,5.0,0.0,-0.047555925969254176,21.19131393168953,24.923621570754598
14.5,21.18936817201782,23.970383177499436,0.6171593749238182,5.0,0.0,-0.040172094057991714,21.07787219702396,24.62659505003235
14.600000000000001,21.597131008936923,24.259743625431916,0.613757483349652,5.0,0.0,-0.0340189157416626,21.588601462116046,24.976045002531183
14.700000000000001,22.00587585733696,24.54771523671753,0.6108688317137474,5.0,0.0,-0.028886516359046155,21.5626953039055,23.84280789066479
14.8,22.41545084890084,24.83450492670908,0.6084086534254204,5.0,0.0,-0.024601782883269863,22.719270988191376,25.121266058579824
14.9,22.8257301540506,25.12028612232179,0.6063064660789625,5.0,0.0,-0.021021873464578178,22.18952534177195,24.97623868045612
15.0,23.236609317820047,25.405204203145246,0.6045035759189904,5.0,0.0,-0.01802890159972126,21.80148066288153,25.342583912166294
15.100000000000001,23.64800148955224,25.689381051318122,0.6029510173670599,5.0,0.0,-0.015525585519304386,24.361193555106247,26.163759242768023
15.200000000000001,24.0598343664855,25.972918846817898,0.6016078479945269,5.0,0.0,-0.013431693725329374,24.004995463065647,26.591460130302774
15.3,24.472047711092515,26.25590322541131,0.6004397328324848,5.0,0.0,-0.01168115162042227,24.781804647470096,27.59176973836509
15.4,24.884591332736523,26.538405898391307,0.5994177624413606,5.0,0.0,-0.010219703911241496,25.099026443023043,25.972164635334945
15.5,25.29742344826237,26.82048681655213,0.598517456905746,5.0,0.0,-0.009003055356146206,24.242007687433134,26.905118436183567
15.600000000000001,25.71050935545549,27.10219594540393,0.5977179127104647,5.0,0.0,-0.00799544195281321,25.448914289055708,27.15783279121342
15.700000000000001,26.12382036948644,27.38357470380745,0.5970010505153388,5.0,0.0,-0.007168621951258558,26.775970737671994,27.698424142569834
15.8,26.537332987096043,27.6646571028965,0.5963509171576392,5.0,0.0,-0.0065013335769954494,26.243228634799724,27.90902817955826
15.9,26.951028258346298,27.945470604254925,0.5957529799322369,5.0,0.0,-0.005979372254023119,26.872145890300605,29.033261432915737
16.0,27.364891364478392,28.226036691625964,0.5951933134664468,5.0,0.0,-0.005596664657900874,28.47213402758997,27.712846940105386
16.1,27.778911429216375,28.506371109766793,0.5946574881544614,5.0,0.0,-0.0053582531198532735,28.700282890078157,28.638826192519947
16.2,28.193081644789835,28.786483645244648,0.5941287334454134,5.0,0.0,-0.005287547090479627,27.36072149120097,28.388104298674026
16.3,28.60739991328142,29.066377147123728,0.5935842662082972,5.0,0.0,-0.005444672371162085,28.503372996694186,28.595789612691764
16.400000000000002,29.021870513195932,29.346045024804567,0.5929863201431087,5.0,0.0,-0.005979460651884594,29.388662249013986,28.833721584627913
16.5,29.436508265312693,29.625465021439666,0.5922538651022995,5.0,0.0,-0.007324550408092101,29.667079152776882,29.336279452549704
16.6,29.851350568771615,29.904581239637206,0.5911266323453738,5.0,0.0,-0.011272327569257001,30.08913868990808,30.578510272812576
16.7,30.266507237547625,30.18322965677035,1.1005805460189897,5.0,0.0,5.094539136736159,29.90155530647865,30.045819770072097
16.8,30.493046566613163,30.62896492841321,1.5099937277768893,5.0,0.0,4.094131817578996,30.339456784081886,31.448867435869598
16.900000000000002,30.52342913753976,31.128040974105538,1.8404382287269776,5.0,0.0,3.3044450095008813,30.83065939020133,31.07740452851601
17.0,30.390235989990636,31.609974149396425,2.108057063688639,5.0,0.0,2.6761883496166146,30.291049869682933,31.560327682760555
17.1,30.134343702030606,32.03953105710783,2.325349624534547,5.0,0.0,2.1729256084590816,31.20868772220478,31.332837496508812
17.2,29.791862062154834,32.40381985236237,2.502113874890164,5.0,0.0,1.7676425035561696,29.91161221392677,32.45864248623972
17.3,29.39065860220414,32.70220849779579,2.6461121723946732,5.0,0.0,1.439982975045094,29.094236522249027,32.11686132529897
17.400000000000002,28.95078841995728,32.9399357002151,2.7635449303172535,5.0,0.0,1.1743275792258032,28.686685909217438,33.543606314937776
17.5,28.486094917573137,33.124489076889596,2.8593949735153634,5.0,0.0,0.9585004319811006,28.145558167380518,33.12956391380169
17.6,28.005872029249833,33.26372261282984,2.9376841087485532,5.0,0.0,0.7828913523318963,28.025527882242667,33.3516049010518
17.7,27.516230736381257,33.36497183168108,3.0016685738536166,5.0,0.0,0.6398446510506357,26.776550449346022,33.26257063316447
17.8,27.021117442626778,33.43470580007232,3.0539906361400426,5.0,0.0,0.52322062286426,26.60881527459298,32.98114933664545
17.900000000000002,26.523034744388873,33.47845080797091,3.0967978133317713,5.0,0.0,0.42807177191728485,26.96209262906516,33.47460485249792
18.0,26.023536304940542,33.5008407384907,3.1318375913851955,5.0,0.0,0.35039778053424087,26.436663076614597,32.903855760016455
18.1,25.523560095061537,33.50571819223472,3.1605332290057033,5.0,0.0,0.2869563762050795,25.430217309933788,33.30688204406695
18.2,25.023649778729627,33.49624847075363,3.1840447425035854,5.0,0.0,0.23511513497881964,25.614339673247528,34.39611053068019
18.3,24.52410025603339,33.47502880124721,3.203318149370423,5.0,0.0,0.1927340686683756,24.0417242120622,33.568989095040834
18.400000000000002,24.02505246285454,33.44418564765813,3.219125335035754,5.0,0.0,0.15807185665330792,23.746937825937692,33.20529494432614
18.5,23.526554539346584,33.40545813472152,3.232096388531711,5.0,0.0,0.12971053495957108,23.411138513183758,33.38673894295023
18.6,23.028600873502985,33.36026801773871,3.2427458651981933,5.0,0.0,0.10649476666482371,23.99672994563703,33.0659821572168
18.7,22.531156686191935,33.3097776175576,3.2514941383574603,5.0,0.0,0.08748273159266873,22.460591490375197,33.64922337120716
18.8,22.034173232207838,33.25493742731325,3.2586847715717444,5.0,0.0,0.07190633214284148,21.25191074677441,32.36543724576225
18.900000000000002,21.537596958779574,33.196525059889055,3.2645986616937,5.0,0.0,0.05913890121955845,21.570359649709495,32.7035620662665
19.0,21.04137481128834,33.135177033521565,3.269465558698639,5.0,0.0,0.04866897004939119,21.759307046560192,33.06797428284422
19.1,20.545457114061794,33.07141468116909,3.273473452859914,5.0,0.0,0.040078941612748054,20.220776508599922,33.61677843944328
19.200000000000003,20.0497989519219,33.00566526060811,3.2767762270081193,5.0,0.0,0.033027741482051454,19.823422573711863,33.75557860742497
19.3,19.554360648269434,32.938279154666546,3.2794998967237223,5.0,0.0,0.027236697156030942,18.327858177651105,33.23879866740125
19.400000000000002,19.059107719558902,32.869543890037384,3.281747700744978,5.0,0.0,0.022478040212554617,19.261203101455138,32.69223259511349
19.5,18.56401054528512,32.7996955684676,3.283604254806463,5.0,0.0,0.018565540614851272,17.979559458745822,32.84814792780149
19.6,18.06904390137043,32.72892819313244,3.2851389423258346,5.0,0.0,0.01534687519371758,18.20617237916622,33.559123262999854
19.700000000000003,17.5741864461097,32.657401282302516,3.286408683047496,5.0,0.0,0.012697407216613499,18.16946429246131,32.902874826886794
19.8,17.07942021037075,32.585246088638385,3.287460194504685,5.0,0.0,0.010515114571889583,16.17887972217962,32.903055399121754
19.900000000000002,16.584730120156287,32.512570682594756,3.288331839827395,5.0,0.0,0.008716453227101795,17.096948842169343,32.59255916505343
20.0,16.090103565035793,32.43946410991054,3.289055138075299,5.0,0.0,0.0072329824790386965,16.190933895589865,32.21207448576085
20.1,15.595530017151118,32.36599979386006,3.289655999162605,5.0,0.0,0.006008610873056597,16.346632572193858,32.2533848301157
20.200000000000003,15.101000700391548,32.29223832108929,3.2901557339582093,5.0,0.0,0.004997347956045672,14.01272955185421,32.215886996524816
20.3,14.606508306555568,32.218229724032184,3.2905718807972075,5.0,0.0,0.004161468389980882,14.667053373286166,31.641427169330647
20.400000000000002,14.112046753980072,32.14401535194275,3.2909188820292736,5.0,0.0,0.003470012320660132,13.573159507315305,32.5867296380253
20.5,13.617610983651632,32.06962940555687,3.2912086380313137,5.0,0.0,0.002897560020400647,13.74806557669136,31.814273419685602
20.6,13.123196787853377,31.995100196563588,3.291450961062651,5.0,0.0,0.0024232303133722155,12.828310907286902,32.06366466451389
20.700000000000003,12.628800666714904,31.92045118181301,3.291653947226828,5.0,0.0,0.0020298616417662174,11.603271845409303,31.930350379664933
20.8,12.134419708478886,31.845701813028807,3.291824281450911,5.0,0.0,0.001703342240833905,12.029028445564553,32.22933346951385
20.900000000000002,11.640051489790462,31.770868235332465,3.2919674876595715,5.0,0.0,0.001432062086603736,11.897139958875867,31.782228001781025
21.0,11.1456939928042,31.69596386180543,3.2920881340921424,5.0,0.0,0.0012064643257083674,11.583747291086432,31.457417336129794
21.1,10.651345536361191,31.620999846355254,3.292190001892889,5.0,0.0,0.0010186780074690205,10.133739798950398,32.03032226356252
21.200000000000003,10.157004718902497,31.545985473104054,3.2922762236217213,5.0,0.0,0.000862217288320366,10.192211010954162,31.316213189158983
21.3,9.662670371150256,31.470928477211828,3.292349397122773,5.0,0.0,0.0007317350105182641,9.142586350006784,31.1850957069092
21.400000000000002,9.168341516904599,31.39583530934566,3.2924116792013876,5.0,0.0,0.0006228207861465052,9.91639702830665,30.568198461435127
21.5,8.674017340576288,31.320711353796597,3.2924648627552755,5.0,0.0,0.0005318355388794771,7.831115870472375,31.238094208684007
21.6,8.17969716030601,31.24556110843732,3.29251044035001,5.0,0.0,0.0004557759473442502,9.92826548294669,31.361958060504048
21.700000000000003,7.685380405716587,31.170388333231262,3.292549656696014,5.0,0.0,0.00039216346004167235,7.040816737865795,31.08658020133027
21.8,7.1910665995088365,31.095196172786128,3.292583552052794,5.0,0.0,0.00033895356779822805,6.689668007573637,30.851861171467508
21.900000000000002,6.696755342250149,31.019987257441368,3.2926129982402714,5.0,0.0,0.00029446187477333297,6.900684036259087,30.508586279503643
22.0,6.202446299821585,30.944763786547266,3.2926387286654437,5.0,0.0,0.00025730425172199034,6.109327493456119,30.607586555145048
22.1,5.708139193088539,30.869527596896237,3.2926613635695365,5.0,0.0,0.00022634904092910801,6.332812528768633,31.42447689280846
22.200000000000003,5.213833789446057,30.79428021867053,3.292681431568423,5.0,0.0,0.00020067998886474925,5.245479535478771,30.85461544075921
22.3,4.719529895967412,30.719022920739683,3.2926993885127094,5.0,0.0,0.000179569442860128,4.403545550434926,30.2410459270614
22.400000000000002,4.225227353959567,30.643756746633496,3.2927156347752367,5.0,0.0,0.0001624626252745287,4.491577972072284,30.21729116997676
22.5,3.730926034810979,30.568482541968375,3.292730532383073,5.0,0.0,0.00014897607836417137,4.366525494118131,30.447062194473574
22.6,3.2366258371228254,30.493200973404402,3.292744424191819,5.0,0.0,0.00013891808746180345,3.324263625211662,29.737678602382363
22.700000000000003,2.7423266852795196,30.417912538123886,3.2927576591815564,5.0,0.0,0.0001323498973739845,2.6189281424210678,30.039634736336943
22.8,2.248028529921174,30.342617560805763,3.292770632726602,5.0,0.0,0.00012973545045724677,3.3563681016773854,30.995586910145423
22.900000000000002,1.753731351447207,30.267316170694592,3.292783864160805,5.0,0.0,0.0001323143420286499,0.8093356686002862,30.168580499906756
23.0,1.2594351693618968,30.192008240329418,3.292798178600038,5.0,0.0,0.00014314439232876452,0.5483310656003303,29.941800634973468
23.1,0.7651400653180211,30.116693234399296,3.292815248118398,5.0,0.0,0.0001706951835966919,0.8776747958877523,29.75711821267157
23.200000000000003,0.27084624693703285,30.041369791100795,3.2928399307319887,5.0,0.0,0.00024682613590698566,-0.3011657446841778,29.86972051968687
23.3,-0.2234457121139407,29.96603414736192,3.6671383128662645,5.0,0.0,3.742983821342758,-0.7544907020491838,29.890744773643934
23.400000000000002,-0.6559708727581919,29.715191596327085,3.970835374677618,5.0,0.0,3.036970618113534,-1.1062332780247142,29.094977315640175
23.5,-0.9936880659446331,29.34648155113402,4.218249447643259,5.0,0.0,2.4741407296564066,-1.6698732112003924,29.25850596163967
23.6,-1.2308252115663207,28.906292984532843,4.42042708024747,5.0,0.0,2.0217763260421187,-1.235910341426035,29.187906492141426
23.700000000000003,-1.374741037749988,28.42745247353375,4.586022480765543,5.0,0.0,1.6559540051807282,-1.7521016994424485,28.606142497943036
23.8,-1.4377562648968791,27.931439287068287,4.721900264923253,5.0,0.0,1.3587778415771012,-1.200046967518666,28.71621932979784
23.900000000000002,-1.4330006943301,27.431461903031185,4.833556785535366,5.0,0.0,1.116565206121134,-0.4956900656722636,27.0469112726567
24.0,-1.3725649281130514,26.935127823844837,4.925423191097179,5.0,0.0,0.9186640556181302,-1.3333226486982255,26.89515862424917
24.1,-1.2668516843201572,26.446430872670817,5.001089708484659,5.0,0.0,0.7566651738747918,-0.6294661359056964,26.54138161678966
24.200000000000003,-1.1244982019425156,25.96712357452592,5.063475775017245,5.0,0.0,0.6238606653258678,-1.4956419872425506,24.851848696764556
24.3,-0.9525389469552038,25.49762382519243,5.114961682446026,5.0,0.0,0.5148590742878074,-1.5252674685590781,25.564784995730914
24.400000000000002,-0.7566456137187105,25.037595780402228,5.157492004763405,5.0,0.0,0.4253032231737883,-1.7700092119266502,25.72432001806539
24.5,-0.5413701792590486,24.586312623927046,5.192657786031065,5.0,0.0,0.35165781267659213,-1.0213589116801622,25.30473633788324
24.6,-0.3103613852096022,24.14287724298432,5.221762395180968,5.0,0.0,0.2910460914990338,-0.8274838373448449,24.57901162181026
24.700000000000003,-0.06654623406351293,23.706352132513445,5.245874612443733,5.0,0.0,0.2411221726276498,0.5399606944976763,23.50976316200597
24.8,0.18772261197754667,23.275832267776696,5.265871609855479,5.0,0.0,0.1999699741174581,0.7439047143998416,22.642919370629592
24.900000000000002,0.4505491520759577,22.850482752883476,5.282473859984857,5.0,0.0,0.1660225012937797,0.00039132918975359754,22.78823567107184
25.0,0.7204009055800245,22.42955516869496,5.296273554758822,5.0,0.0,0.13799694773965498,1.5491217956250098,22.640921577525916
25.1,0.996035453170903,22.01239141646525,5.3077577811846,5.0,0.0,0.11484226425777777,1.0444607213697799,21.723012051095946
25.200000000000003,1.2764425222719582,21.59842055324157,5.3173274464947315,5.0,0.0,0.09569665310131192,1.2208287282767802,21.575105654594257
25.3,1.5607982539862482,21.187152006132468,5.325312748599905,5.0,0.0,0.07985302105173275,1.4086833287591594,21.521230200326556
25.400000000000002,1.8484289884633234,20.778167213524995,5.331985833433706,5.0,0.0,0.06673084833800758,1.6746430351030583,20.748794094046563
25.5,2.1387824888187397,20.371110896989606,5.337571158375119,5.0,0.0,0.05585324941413283,1.4356652932078258,21.252803795277643
25.6,2.431404990249602,19.965682639888126,5.3422539830645555,5.0,0.0,0.046828246894369485,1.5945273560670519,18.96249578427444
25.700000000000003,2.7259228257626096,19.561629122931855,5.346187330216364,5.0,0.0,0.039333471518084195,2.6099131224640506,19.29584105783352
25.8,3.0220276616555455,19.158737169474335,5.349497695459151,5.0,0.0,0.033103652427868724,3.13606095557281,19.57390131958007
25.900000000000002,3.319464592198264,18.756827636930847,5.352289733736744,5.0,0.0,0.02792038277593356,3.418580553467818,18.54299201989178
26.0,3.6180225087512965,18.35575012514103,5.354650107993929,5.0,0.0,0.023603742571845387,3.205753719142334,18.659391661666817
26.1,3.91752628577181,17.95537843839177,5.35665065187733,5.0,0.0,0.020005438834010292,3.1562512258330786,18.62883844568766
26.200000000000003,4.217830424053883,17.555606722870696,5.358350970514703,5.0,0.0,0.017003186373731438,3.657313008073402,17.420530039535606
26.3,4.518813867204961,17.156346197713347,5.359800580906926,5.0,0.0,0.014496103922226666,4.1943415731866995,16.673314717730282
26.400000000000002,4.820375766121032,16.7575224006273,5.361040675124396,5.0,0.0,0.012400942174707552,4.772206982296303,16.239466734628966
26.5,5.122432012118904,16.359072875274748,5.362105574581731,5.0,0.0,0.010648994573351445,3.9049414057973477,16.662195460693905
26.6,5.42491239545239,15.960945235316872,5.363023931566681,5.0,0.0,0.00918356984949753,5.147056726738682,15.637521849592828
26.700000000000003,5.727758274480664,15.563095548179138,5.363819724450372,5.0,0.0,0.00795792883691604,5.516659022689774,15.319635146745755
26.8,6.030920663531253,15.165486989587727,5.364513085259407,5.0,0.0,0.006933608090355037,6.249268977998178,15.490432357417761
26.900000000000002,6.334358665879081,14.768088727473812,5.3651209923288,5.0,0.0,0.00607907069392688,7.228264921525311,14.446677484783807
27.0,6.6380381933570245,14.370875000884746,5.365657856524754,5.0,0.0,0.005368641959542231,6.418768649335678,13.3641559571084
27.1,6.9419309268889355,13.973824366196293,5.3661360272287295,5.0,0.0,0.0047817070397577766,7.094324766232159,14.518431138731723
27.200000000000003,7.246013483653,13.57691908949689,5.366566244581315,5.0,0.0,0.004302173525857711,6.932247709974296,13.513402383973817
27.3,7.550266767808306,13.180144671116988,5.36695806906406,5.0,0.0,0.003918244827447737,7.431921269569497,12.948259485347654
27.400000000000002,7.8546754945354245,12.783489497077401,5.367320332345521,5.0,0.0,0.0036226328146149456,7.31786379468621,12.245967910045806
27.5,8.159227894889863,12.386944625167109,5.367661684410663,5.0,0.0,0.0034135206514243066,8.008066573038494,12.69430773218451
27.6,8.463915638909212,11.990503735948552,5.367991388328588,5.0,0.0,0.0032970391792481735,8.180824256319603,11.717520454357775
27.700000000000003,8.768734074480102,11.594163325018611,5.368320717411141,5.0,0.0,0.0032932908255283166,9.074097756264434,12.154287669948026
27.8,9.0736830199426,11.19792332115566,5.3686659287389755,5.0,0.0,0.0034521132783478237,9.816583077421567,11.195618551635905
27.900000000000002,9.378768733769741,10.801788612731134,5.3690560820712925,5.0,0.0,0.003901533323173112,9.453181064618954,11.296588455852136
28.0,9.684008977649484,10.405772964661217,5.369560532092621,5.0,0.0,0.00504450021328573,10.173140594328105,10.18599223395853
28.1,9.989448952785654,10.009911345419322,5.370454518264195,5.0,0.0,0.008939861715733244,8.751082019960938,9.24542764666311
28.200000000000003,10.295242700632617,9.614322943443597,5.08196640840886,5.0,0.0,-2.8848810985533504,10.995380500928649,10.021887855475752
28.3,10.475853412773532,9.148082907989807,4.844133828487319,5.0,0.0,-2.3783257992154088,9.548802349257775,9.249660956371358
28.400000000000002,10.54153544742128,8.65241581172001,4.647193667017901,5.0,0.0,-1.9694016146941777,10.88741873816631,8.742724867220375
28.5,10.50896087816769,8.153478042616545,4.483531760665458,5.0,0.0,-1.636619063524435,10.83098755107541,8.261562406278562
28.6,10.395528534088752,7.666514898922119,4.3471133145930905,5.0,0.0,-1.3641844607236706,9.971103860510675,7.635204440288187
28.700000000000003,10.216925140650181,7.199502235440467,4.233097445756807,5.0,0.0,-1.1401586883628312,9.868581492854796,6.838702593215761
28.8,9.986349813391588,6.755841308087615,4.137566387603499,5.0,0.0,-0.9553105815330838,9.702013146535817,7.820496341344624
28.900000000000002,9.714506861714657,6.33619692337173,4.057328567364423,5.0,0.0,-0.8023782023907611,9.55304994860323,6.44081938374572
29.0,9.409903285395504,5.939691360619349,3.9897711455705362,5.0,0.0,-0.6755742179388697,9.039837479640541,6.304591823434606
29.1,9.079228028628004,5.564652863179756,3.9327469499583896,5.0,0.0,-0.5702419561214658,9.063768172148425,6.289551461592779
29.200000000000003,8.727715584263096,5.2090702406338725,3.884486162225554,5.0,0.0,-0.482607877328352,7.998387038608888,5.3560689230172835
29.3,8.35945837817072,4.870859315084391,3.843526352646691,5.0,0.0,-0.40959809578863116,8.994025509350706,5.308001202305158
29.400000000000002,7.9776608606801656,4.548011586831503,3.8086564486580454,5.0,0.0,-0.3486990398864567,8.889013262716354,5.0075221854661285
29.5,7.584840047379965,4.238670660605812,3.778871489835399,5.0,0.0,-0.29784958822646246,6.5275614987207184,4.4462088726566344
29.6,7.182981120971071,3.9411653610471453,3.7533358548614726,5.0,0.0,-0.25535634973926236,6.486162731637179,3.957037185141572
29.700000000000003,6.77365704611426,3.6540176608254376,3.731353212472912,5.0,0.0,-0.21982642388560336,6.931855034587722,3.9497557434701296
29.8,6.35812011062234,3.375936638024557,3.71234184465931,5.0,0.0,-0.1901136781360222,6.131220997737141,3.6563061450009964
29.900000000000002,5.937371884915231,3.105805317063215,3.695814273526747,5.0,0.0,-0.16527571132563068,6.480788619706265,3.3337701954891146
30.0,5.512216712454869,2.842664519522811,3.6813603267508044,5.0,0.0,-0.14453946775942583,5.571383522308813,3.910674419986816
30.1,5.083302659552488,2.5856961650064356,3.6686329189819866,5.0,0.0,-0.12727407768817578,4.839132652681322,2.486815816093604
30.200000000000003,4.651152892677036,2.3342074396339196,3.657335915100725,5.0,0.0,-0.11297003881261425,4.0572747822034305,2.0793692963074206
30.3,4.216189692804807,2.0876166556274787,3.6472134709616157,5.0,0.0,-0.10122444139109277,4.915510762810878,2.64198177042918
30.400000000000002,3.7787527179400113,1.8454413203409632,3.638040194495793,5.0,0.0,-0.09173276465822866,3.386616970519911,2.092249926208216
30.5,3.3391126377412257,1.6072888484184458,3.6296112723050014,5.0,0.0,-0.0842892219079161,3.4539291388500035,1.021962730489653
30.6,2.8974808300588917,1.372850484571498,3.6217312082697273,5.0,0.0,-0.07880064035274259,3.078584327825235,0.9787365399753772
30.700000000000003,2.45401536375908,1.1418994503683786,3.6141986118008407,5.0,0.0,-0.07532596468886688,2.240029878834111,1.0348414205685217
30.8,2.0088228340238055,0.9142953830323426,3.6067813705806615,5.0,0.0,-0.07417241220178994,2.125205035773884,0.5365624199069051
30.900000000000002,1.56195437167922,0.6899996466444527,3.5991676317481276,5.0,0.0,-0.07613738832533912,1.981474952715124,0.7599070964304072
31.0,1.1133911488763344,0.46911271822022743,3.590847727625751,5.0,0.0,-0.08319904122376798,1.7219026719367112,0.5784496533333087
31.1,0.6630057140728937,0.2519653946886773,3.580749480544483,5.0,0.0,-0.10098247081268141,0.7960603740048814,1.4520831367511986
31.200000000000003,0.21045047295245517,0.03937716892247492,3.5655536385958255,5.0,0.0,-0.15195841948657218,0.2904243728493308,0.9443098491017214
31.3,-0.24528285134486366,-0.16630981930214495,3.51775547417985,5.0,0.0,-0.4779816441597582,-0.3305703347532377,0.7480363983504792
31.400000000000002,-0.7103233931829793,-0.3499869666202363,2.933370428059269,5.0,0.0,-5.843850461205809,-0.7189331351413628,0.18912138749237895
31.5,-1.199523375029289,-0.24662654014293178,2.4382568656260006,5.0,0.0,-4.951135624332681,-0.9401011419149083,0.1952013046616723
31.6,-1.5808678561708607,0.07675618466293294,1.9911610840021832,5.0,0.0,-4.470957816238174,-1.590714513801866,-0.10275108608669647
31.700000000000003,-1.7849145970199796,0.5332262576675633,1.5832258481672281,5.0,0.0,-4.079352358349551,-2.021689518569618,0.6474214009433414
31.8,-1.7911291976845427,1.0331876349144262,1.2085205028039627,5.0,0.0,-3.7470534536326534,-1.0800360484972387,1.3912272719459904
31.900000000000002,-1.6139275698840045,1.5007339781840956,0.8621738186685286,5.0,0.0,-3.4634668413543412,-1.8367317032538266,1.3910287586804506
32.0,-1.2885333120797453,1.8803635041538433,0.5399246609193062,5.0,0.0,-3.2224915774922227,-0.8971860427972336,1.8833275994664218
32.1,-0.859659605348454,2.137399189759096,0.23793307049711698,5.0,0.0,-3.019915904221892,-0.4816069015642357,2.3188463074440913
32.2,-0.3737459982481823,2.255246406250631,-0.04733270035881615,5.0,0.0,-2.852657708559331,-0.40191311582130296,2.794563132070965
32.300000000000004,0.12569401018241982,2.231588892035478,-0.3191793680782701,5.0,0.0,-2.7184666771945394,0.13132387607098403,2.3741700359614097
32.4,0.6004406310772334,2.0746951510865284,-0.5807558487679818,5.0,0.0,-2.6157648068971175,0.29303422112748473,1.3731710070910768
32.5,1.018464724976512,1.8003671413615145,-0.8351068419530332,5.0,0.0,-2.5435099318505143,1.2569246119524635,0.6116920347688386
32.6,1.3540139636075563,1.4296830326461198,-1.0852078885881116,5.0,0.0,-2.5010104663507837,1.8546210351466828,1.3324233074270617
32.7,1.5873783912299222,0.9874828020712302,-1.3339699593255059,5.0,0.0,-2.487620707373943,1.054974637336747,1.3419660773201472
32.800000000000004,1.7046877736019082,0.5014390706977012,-1.5841945552610315,5.0,0.0,-2.502245959355255,0.8443051190048964,0.02756685656533092
32.9,1.6979888597961947,0.0014839481578639568,-1.8384573738160557,5.0,0.0,-2.5426281855502415,2.053041128393653,0.33003468123571306
33.0,1.5657506126304097,-0.48071211775985045,-2.098909640899663,5.0,0.0,-2.6045226708360745,1.8291390443549589,0.10310919358179571
33.1,1.3137983143821619,-0.912591776238258,-2.3670226330341917,5.0,0.0,-2.681129921345285,1.2312848787324189,-1.471408171362973
33.2,0.956437398615129,-1.2622961883953647,-2.643357977977441,5.0,0.0,-2.7633534494324934,1.2495088693725256,-1.3054053471603793
33.300000000000004,0.5172236308099127,-1.5012339756336868,-2.9274824391839585,5.0,0.0,-2.8412446120651715,1.2505864909657118,-1.4931305554633814
33.4,0.028640710357414,-1.6074729978529603,-3.2181046356222294,5.0,0.0,-2.906221964382709,1.6027284881916843,-2.0376956663710124
33.5,-0.46989648261907213,-1.5692543215398564,-3.5133984362962076,5.0,0.0,-2.9529380067397835,-1.1056600017797455,-0.9227868332915247
33.6,-0.9357328961078508,-1.3876051105096083,-3.8113850152483906,5.0,0.0,-2.9798657895218312,-1.457147370137501,-1.177902243063075
33.7,-1.3277081908496442,-1.077193499399321,-4.110246543682085,5.0,0.0,-2.988615284336948,-1.4887014842603215,-0.8657450256851281
33.800000000000004,-1.6109128935955492,-0.6651314939406723,-4.408513468998042,5.0,0.0,-2.9826692531595747,-1.4714224899264756,-0.22233616602111322
33.9,-1.760523091366414,-0.1880394810930846,-4.705133895145771,5.0,0.0,-2.9662042614772854,-2.1426659097074436,0.5184506946111072
34.0,-1.7641506021625768,0.3119473598991797,-4.999463084782441,5.0,0.0,-2.9432918963667056,-2.0138065633174516,0.3836348828676419
34.1,-1.6225769603797597,0.7914855793899211,-5.291210863668638,5.0,0.0,-2.9174777888619747,-1.8819339428030188,1.2406253485529848
34.2,-1.3490579073436177,1.2100394321092722,-5.580373021621037,5.0,0.0,-2.891621579523985,-1.8396085534159174,1.0818270655407103
34.300000000000004,-0.9675441868301642,1.5332224778588637,-5.867161130504782,5.0,0.0,-2.86788108883745,-1.0824266915734586,1.9352882544817285
34.4,-0.5101927353828792,1.7352859576345565,-6.151937234288499,5.0,0.0,-2.8477610378371665,0.3730161078122143,1.0549777441473072
34.5,-0.014493071069520191,1.8007217490611387,-6.435155502671568,5.0,0.0,-2.8321826838306947,-0.4114870079491085,2.6854477999101376
34.6,0.4797442973057581,1.7250287923116534,-6.717311067900943,5.0,0.0,-2.821555652293746,0.5742672185159197,1.5214820535680702
34.7,0.9333633519157198,1.5147200828040237,-6.998895858344284,5.0,0.0,-2.8158479044334044,1.2278389553098683,2.0066742950650367
34.800000000000004,1.310676952373158,1.18664319103954,-7.2803615646794295,5.0,0.0,-2.8146570633514543,0.9376320598443708,0.3041458734461394
34.9,1.5820150753923066,0.7666722122845249,-7.562090404358809,5.0,0.0,-2.817288396793799,2.1844030638789125,0.7253114570449127
35.0,1.7258970613079716,0.2878215318746873,-7.844374702611541,5.0,0.0,-2.822842982527316,1.8800164275989557,0.27359389738088286
35.1,1.7307004531019698,-0.21215539502021796,-8.12740622366174,5.0,0.0,-2.8303152105019933,1.6113688117417149,0.653673749126458
35.2,1.595685260090363,-0.6935812955033958,-8.411275573360127,5.0,0.0,-2.8386934969838613,1.600266976996402,-0.19785139613654268
35.300000000000004,1.3312394940111498,-1.117926010096117,-8.695980972862875,5.0,0.0,-2.847053995027487,1.0632434933134574,-0.6927107261449212
35.4,0.9582514364287851,-1.4509123595174327,-8.981444571195178,5.0,0.0,-2.854635983323025,0.9300306183283883,-1.1440276784791183
35.5,0.5065880278717003,-1.665388850934548,-9.267533583021295,5.0,0.0,-2.860890118261171,1.6066068052552633,-1.5434766534114204
35.6,0.01275675017910688,-1.7436874407845617,-9.554083173259079,5.0,0.0,-2.865495902377827,-0.8390694882810437,-2.301520874152478
35.7,-0.48306911110217915,-1.679214847501284,-9.84091822992489,5.0,0.0,-2.8683505666581226,0.14980463505169545,-1.4707596902966025
35.800000000000004,-0.9403971014169206,-1.4770982740228091,-10.127871840135438,5.0,0.0,-2.869536102105471,-0.9441438379822954,-1.0264917002833385
35.9,-1.321819800461123,-1.1538078091868729,-10.41479917199509,5.0,0.0,-2.8692733185965267,-0.9910667613155595,-0.4705723769318021
36.0,-1.5961558641223352,-0.7357890007884094,-10.701586331002673,5.0,0.0,-2.867871590075822,-1.663408524535252,-0.5038964004946415
36.1,-1.7410415521555633,-0.2572410539710208,-10.988154446268684,5.0,0.0,-2.865681152660116,-1.7260745108980755,-1.3027203279262183
36.2,-1.7447514387624303,0.24274518258091093,-11.274459689417863,5.0,0.0,-2.8630524314917984,-1.192199603627976,0.7891085292123464
36.300000000000004,-1.6071092955056987,0.7234266159644913,-11.560490152721831,5.0,0.0,-2.8603046330396786,-1.3206762575353705,0.5767239606778218
36.4,-1.339436918111987,1.1457434382441614,-11.846260566129365,5.0,0.0,-2.8577041340753304,-1.573602625083192,1.384028289552718
36.5,-0.9635703378756298,1.4754771396782522,-12.131805775911758,5.0,0.0,-2.855452097823928,-0.7440194225269031,1.7015114230829214
36.6,-0.5100436688590798,1.6859850029298482,-12.417173790348157,5.0,0.0,-2.853680144363981,-0.974903337442977,1.5477000126968339
36.7,-0.015598276799577981,1.7603069665148177,-12.702419053478428,5.0,0.0,-2.8524526313027145,0.6331609506551792,1.5212640044549037
36.800000000000004,0.479781561636304,1.692492398233072,-12.987596455039677,5.0,0.0,-2.8517740156124987,0.4753278322285069,2.1269958195068783
36.9,0.9360757641581146,1.4880526742433715,-13.272756432269798,5.0,0.0,-2.851599772301217,0.945363841637455,0.9421083302664985
37.0,1.316432146072013,1.1635083433155786,-13.557941371941801,5.0,0.0,-2.8518493967200413,1.1952432263875856,0.9361348338036384
37.1,1.5901201411175019,0.7450649404903215,-13.843183382866835,5.0,0.0,-2.852420109250332,1.3988038291030422,1.6394124096096498
37.2,1.73500372436416,0.2665163564305536,-14.128503385486313,5.0,0.0,-2.8532000261947914,2.304556692579744,0.4853099271064053
37.300000000000004,1.7393354480097247,-0.23346487938761035,-14.413911362519755,5.0,0.0,-2.8540797703344225,1.4277503915455991,-0.6526833880423901
37.4,1.6027227489982758,-0.7144399000163404,-14.699407539183543,5.0,0.0,-2.854961766637871,2.571358126123785,-0.836361323112305
37.5,1.3361811384414457,-1.1374713052828658,-14.984984217497077,5.0,0.0,-2.855766783135344,1.6938215911708798,-1.0523853244378014
37.6,0.9612621105399108,-1.4682820102447338,-15.270627977527983,5.0,0.0,-2.8564376003090644,0.9329778237042661,-0.8175168278785696
37.7,0.508320383201629,-1.6800455378783035,-15.556321976141291,5.0,0.0,-2.856939986133085,-0.3367196203066454,-1.4361395444855949
37.800000000000004,0.014058145867162752,-1.7555759340451966,-15.842048114661223,5.0,0.0,-2.8572613851993225,-0.3069304304823471,-1.968003033660852
37.9,-0.4814538976379991,-1.6887342199638045,-16.1277889025777,5.0,0.0,-2.857407879164768,0.23685330774329844,-1.969962336511184
38.0,-0.9380339105051408,-1.484933602078969,-16.41352890634333,5.0,0.0,-2.857400037656319,-1.0753779020184788,-1.1644431656342311
38.1,-1.318656349069737,-1.1607013407891023,-16.699255732663193,5.0,0.0,-2.857268263198634,-1.0940171601948976,-1.1767825757544126
38.2,-1.5924607833304125,-0.7423341195836266,-16.984960548582418,5.0,0.0,-2.85704815919226,-1.6169207544193225,-0.5582091347744724
38.300000000000004,-1.7372560660947722,-0.2637588108921009,-17.270638182433377,5.0,0.0,-2.856776338509576,-1.871393259252189,0.3671040143523902
38.400000000000006,-1.7413167276112678,0.23622469986405242,-17.556286878719114,5.0,0.0,-2.8564869628573604,-2.1719367843438215,1.7035659270722776
38.5,-1.6043275331416698,0.7170926241411565,-17.841907796386803,5.0,0.0,-2.8562091766768845,-0.5027355054946949,0.8752015582859866
38.6,-1.3374020875865833,1.1398819410771672,-18.12750434498362,5.0,0.0,-2.855965485968177,-1.1754348248078728,2.2990486857004107
38.7,-0.9621764026895487,1.4703447761941457,-18.41308144890091,5.0,0.0,-2.8557710391729074,-1.2394557213727317,0.6477366109469703
38.800000000000004,-0.5090525533799164,1.6817183251231014,-18.69864481863842,5.0,0.0,-2.8556336973751115,-0.6005517416355376,1.9017996018156127
38.900000000000006,-0.014735296357239358,1.756887796383558,-18.98420029214119,5.0,0.0,-2.8555547350276953,-0.37771100972563504,2.098470630293525
39.0,0.4807392700497569,1.6897688419533894,-19.269753291017253,5.0,0.0,-2.8555299887606367,0.24920411595267267,1.462550666363726
39.1,0.9372434915799082,1.4857985114512533,-19.555308417811638,5.0,0.0,-2.855551267943838,1.0904275849742633,1.4081945134122826
39.2,1.3178053381474852,1.1614951335208408,-19.840869203126477,5.0,0.0,-2.855607853148385,1.4134786932309085,1.3720201996726404
39.300000000000004,1.5916010632513196,0.7431222126537445,-20.126437996482103,5.0,0.0,-2.8556879335562613,1.9323123464062681,0.4109020589585427
39.400000000000006,1.7364514796533768,0.2645635883785668,-20.412015983234983,5.0,0.0,-2.855779867528817,1.8978044588174796,-0.39166304601392016
39.5,1.7406195639266555,-0.23541903839309497,-20.697603302012297,5.0,0.0,-2.8558731877731276,1.0569657677419655,-0.8087404484468763
39.6,1.6037632049710768,-0.7163247848896636,-20.983199233006403,5.0,0.0,-2.855959309941049,1.8830067195610443,-1.3590645230403087
39.7,1.336965122840437,-1.1391944851182474,-21.26880242677889,5.0,0.0,-2.856031937724879,1.3011062957749424,-0.9231286926706326
39.800000000000004,0.9618367992520014,-1.4697678367994287,-21.55441114538356,5.0,0.0,-2.8560871860467145,-0.14475939121240589,-1.4648968541004173
39.900000000000006,0.508768547784632,-1.681260530555739,-21.840023491902553,5.0,0.0,-2.856123465189917,0.6794853679870322,-1.7140250627395046
40.0,0.014467386866567566,-1.7565357742621122,-22.12563761010911,5.0,0.0,-2.8561411820655707,-0.6806658531798631,-1.9823045172539826
40.1,-0.48101759952722123,-1.6894937854912908,-22.411251842158592,5.0,0.0,-2.8561423204948184,-0.6409598663772469,-0.7735074746355061
40.2,-0.9375410131436221,-1.4855664140571732,-22.696864838294168,5.0,0.0,-2.856129961355755,-1.2381822504745863,-2.326937969430236
40.300000000000004,-1.3181146099804668,-1.1612768252778434,-22.982475618003573,5.0,0.0,-2.8561077970940474,-2.181851412414872,-1.6490920417881059
40.400000000000006,-1.5919045777084129,-0.7429001366687261,-23.268083586509338,5.0,0.0,-2.856079685057651,-1.0176296354290213,-0.6873674562331419
40.5,-1.7367296607188512,-0.2643338451990702,-23.553688513712775,5.0,0.0,-2.8560492720343547,-1.8640581957081208,-0.7139947417674177
40.6,-1.740857807922596,0.23564911291116802,-23.839290484687385,5.0,0.0,-2.8560197097461,-2.330115738661224,0.5006576799985096
40.7,-1.6039559899982125,0.7165419203527006,-24.12488983160011,5.0,0.0,-2.855993469127263,-2.2373739051786963,0.38594123170901373
40.800000000000004,-1.337116491172921,1.1393854870137854,-24.410487056691334,5.0,0.0,-2.855972250912231,-1.4051116473331782,1.5617503260688363
40.900000000000006,-0.9619577642500005,1.4699243343730233,-24.69608275488866,5.0,0.0,-2.8559569819732715,0.12619191501365,1.5190010831113707
41.0,-0.5088728155956543,1.6813812550516536,-24.981677543015063,5.0,0.0,-2.8559478812640435,-0.17334167204455203,1.5353896722950902
41.1,-0.014567033895780013,1.7566261497494082,-25.267272000629436,5.0,0.0,-2.855944576143713,-0.2809467310224889,2.152070886310254
41.2,0.4809151539396211,1.689563481014528,-25.55286662553635,5.0,0.0,-2.8559462490691203,-0.016983856270456454,0.9633548678590127
41.300000000000004,0.9374340545747464,1.4856260068640013,-25.8384618051142,5.0,0.0,-2.855951795778516,1.5407247171925313,1.998268456843486
41.400000000000006,1.3180062526723906,1.1613347765861421,-26.124057802982435,5.0,0.0,-2.8559599786823355,1.7379080201156905,1.1142294908119528
41.5,1.5918006002081098,0.742960954200599,-26.409654759254327,5.0,0.0,-2.8559695627189328,1.6720375354020642,0.46315715235033966
41.6,1.7366359631933699,0.26439777380648644,-26.6952527017476,5.0,0.0,-2.8559794249327126,2.2284179323108932,0.20561784163679875
41.7,1.740778342687818,-0.2355850665911856,-26.980851565052166,5.0,0.0,-2.8559886330456763,2.12315969358334,-1.1167282854116796
41.800000000000004,1.6038917081684847,-0.716482196224926,-27.266451214248463,5.0,0.0,-2.855996491962948,0.9794590676712607,-0.7392261294903246
41.900000000000006,1.3370654321900706,-1.1393341070016083,-27.552051470269944,5.0,0.0,-2.8560025602148116,0.9405200293836289,-0.5367810517434881
42.0,0.9619160398374889,-1.4698835487156865,-27.837652134333545,5.0,0.0,-2.8560066406360036,0.4384339663104152,-1.916921107625215
42.1,0.5088360127848709,-1.6813510145017951,-28.123253009439143,5.0,0.0,-2.8560087510559597,0.2709130379190893,-1.7495449361841988
42.2,0.014531524404479357,-1.7566044049038192,-28.408853917584125,5.0,0.0,-2.856009081449834,0.1375215482605441,-1.1924532648391968
42.300000000000004,-0.48095138342976673,-1.6895470559842558,-28.694454711981045,5.0,0.0,-2.856007943969196,-0.2693935550571389,-1.5413150088299272
42.400000000000006,-0.937471215472166,-1.4856116668239152,-28.980055284148484,5.0,0.0,-2.8560057216744,-0.44652321967329794,-1.9634755185379587
42.5,-1.318043145885271,-1.161320122404942,-29.265655566227235,5.0,0.0,-2.856002820787502,-0.8908535568563247,-1.5138625460529522
42.6,-1.59183535567152,-0.742944901030202,-29.551255529231838,5.0,0.0,-2.8559996300460355,-1.8280560253670297,-0.21634052048463914
42.7,-1.7366668344476899,-0.264380545111891,-29.836855178173465,5.0,0.0,-2.8559964894162633,-2.0548213701996416,0.2926462686873613
42.800000000000004,-1.7408043026924576,0.23560233595157454,-30.12245454508923,5.0,0.0,-2.855993669157634,-2.165653785265558,0.8430319735193758
42.900000000000006,-1.6039127022215711,0.7164980520070612,-30.408053681000908,5.0,0.0,-2.8559913591167927,-2.4957976987446284,1.1243519129113186
43.0,-1.3370822767414263,1.1393473443537374,-30.69365264772507,5.0,0.0,-2.8559896672416087,-0.9522347328902967,0.7653273900125588
43.1,-0.9619300668435462,1.4698935883329072,-30.97925151029287,5.0,0.0,-2.8559886256779876,-0.6383458810935456,1.6558283714234823
43.2,-0.5088486182387171,1.681358008342869,-31.264850330538028,5.0,0.0,-2.8559882024516057,-0.21269882338101836,2.1520424657049184
43.300000000000004,-0.01454377861782602,1.7566090915733794,-31.550449162200156,5.0,0.0,-2.8559883166212856,-0.3166491673196345,1.7856424468759942
43.400000000000006,0.48093895546740634,1.6895504588448265,-31.83604804768899,5.0,0.0,-2.855988854888359,0.7571011424232892,1.115662878706246
43.5,0.9374586484016687,1.485614758284069,-32.1216470164792,5.0,0.0,-2.855989687902131,1.5062339024896814,1.5593673434419473
43.6,1.318030877571141,1.1613235644705786,-32.40724608496593,5.0,0.0,-2.8559906848672725,0.992124224083626,1.6293797631028457
43.7,1.5918239805255678,0.7429489276023926,-32.69284525751361,5.0,0.0,-2.855991725476862,1.7719365020089897,1.5133019979961866
43.800000000000004,1.7366568592492668,0.26438499536281573,-32.97844452837571,5.0,0.0,-2.855992708620981,1.1060643942646964,-0.3626646318303995
43.900000000000006,1.7407959791312353,-0.23559787203026072,-33.26404388414706,5.0,0.0,-2.8559935577134823,1.8985576434103133,0.16241141982287177
44.0,1.6039059726053242,-0.7164940418146915,-33.54964330642817,5.0,0.0,-2.855994222811141,1.8056952550569907,-1.2889190448969745
44.1,1.3370768275827847,-1.1393441421653248,-33.835242774423335,5.0,0.0,-2.8559946799516,1.8483102958556874,-1.872170378232207
44.2,0.9619254529406058,-1.4698913341123803,-34.12084226725366,5.0,0.0,-2.855994928303197,0.7635119356865679,-1.807818075002404
44.300000000000004,0.5088444054061441,-1.681356613449379,-34.40644176583369,5.0,0.0,-2.8559949858003435,0.4013130031142519,-1.525579796128509
44.400000000000006,0.014539657463572886,-1.7566082988885183,-34.69204125422809,5.0,0.0,-2.855994883943957,0.013797647007117629,-1.212007459995416
44.5,-0.48094311427915204,-1.6895499444041826,-34.97764072046717,5.0,0.0,-2.8559946623908203,-0.9213318521795983,-2.119558936628928
44.6,-0.9374628033002169,-1.4856142350835484,-35.26324015685262,5.0,0.0,-2.8559943638544993,-0.40633316585302204,-1.8260927899323325
44.7,-1.3180348746100017,-1.1613228560137678,-35.54883955982384,5.0,0.0,-2.8559940297121997,-2.1478121971969335,-0.8574191785180154
44.800000000000004,-1.5918276339665849,-0.7429479942881759,-35.83443892948122,5.0,0.0,-2.8559936965738686,-0.3936925644083089,-0.49084157835826264
44.900000000000006,-1.7366600253313151,-0.2643839145542561,-36.12003826887469,5.0,0.0,-2.855993393934618,-2.402303585078191,0.4217432459356059
45.0,-1.7407986017773112,0.23559895733737252,-36.405637583165834,5.0,0.0,-2.855993142911494,-1.5444462407502009,1.0918505248916042
45.1,-1.6039080925086806,0.71649498401276,-36.69123687876278,5.0,0.0,-2.8559929559694623,-1.5233221086779185,1.174160011558823
45.2,-1.3370785589949172,1.1393448392153218,-36.97683616250986,5.0,0.0,-2.855992837470829,-1.386661663299346,1.9469204019795292
45.300000000000004,-0.9619269415670068,1.469891755614829,-37.26243544099401,5.0,0.0,-2.8559927848415256,-1.3472214119135657,1.3904538064966576
45.400000000000006,-0.5088457840388226,1.681356799281438,-37.54803472000715,5.0,0.0,-2.855992790131374,-0.43366331483407555,1.910482322505851
45.5,-0.014541013476846165,1.7566083361406397,-37.833634004182585,5.0,0.0,-2.8559928417543503,0.5894994807453642,1.3397108225492447
45.6,0.48094175180381793,1.6895499339092535,-38.11923329680447,5.0,0.0,-2.855992926218839,-0.14102525372529706,1.120856527833695
45.7,0.9374614565794245,1.4856142598559061,-38.40483259977402,5.0,0.0,-2.8559930296955187,1.1980284597396276,1.2643738887861034
45.800000000000004,1.3180335962071446,1.1613229609606395,-38.690431913705474,5.0,0.0,-2.855993139314556,0.62435207746455,0.8682299636472137
45.900000000000006,1.591826480954075,0.7429481812929901,-38.97603123811833,5.0,0.0,-2.8559932441285625,1.741267131997577,0.62953750213367
46.0,1.7366590374007609,0.26438415151942096,-39.26163057169023,5.0,0.0,-2.855993335718999,2.5448667397480578,0.8254477576235187
46.1,1.7407977892278723,-0.23559871892047085,-39.547229912536366,5.0,0.0,-2.8559934084613516,0.7907669466431597,0.6753973061591001
46.2,1.6039074358750036,-0.7164947899783729,-39.832829258485376,5.0,0.0,-2.8559934594900724,0.9597702728087625,0.4424360064239745
46.300000000000004,1.337078018165955,-1.1393447182567753,-40.11842860732783,5.0,0.0,-2.8559934884245095,1.1433417464854443,-1.3031580188993521
46.400000000000006,0.9619264697469363,-1.4698917129773637,-40.40402795702043,5.0,0.0,-2.8559934969260397,0.8983151319960736,-0.9667001220399268
46.5,0.508845341308601,-1.6813568189713426,-40.68962730583624,5.0,0.0,-2.855993488158113,0.5816081834907557,-1.9040436563845895
46.6,0.01454057584572288,-1.7566083893249842,-40.97522665245784,5.0,0.0,-2.855993466216013,0.27264739768098506,-2.0977819129822683
46.7,-0.48094218979132547,-1.689549989726859,-41.26082599601617,5.0,0.0,-2.8559934355832937,-0.6023878478095118,-2.2928276932702416
46.800000000000004,-0.9374618852629959,-1.4856142948462097,-41.54642533608192,5.0,0.0,-2.8559934006574466,-0.5591520692269174,-1.0402635474812705
46.900000000000006,-1.3180339980659526,-1.1613229644707377,-41.8320246726194,5.0,0.0,-2.8559933653748217,-0.5069505504120719,-1.1620504239376965
47.0,-1.591826838747922,-0.7429481559660933,-42.1176240059142,5.0,0.0,-2.855993332948067,-1.912815700486373,-0.3930799820055644
47.1,-1.7366593405396864,-0.2643841096517692,-42.40322333648609,5.0,0.0,-2.855993305718904,-1.2520330795889087,-0.840430295677635
47.2,-1.7407980367656695,0.23559876124837387,-42.68882266499774,5.0,0.0,-2.8559932851164334,-1.1701902571370764,0.19595965884926542
47.300000000000004,-1.6039076358658482,0.7164948187717084,-42.97442199216824,5.0,0.0,-2.855993271704996,-1.3133243884022248,0.8458939339263796
47.400000000000006,-1.3370781842894517,1.1393447256789224,-43.26002131869822,5.0,0.0,-2.855993265299823,-1.306191076762003,0.7145562021261307
47.5,-0.9619266167712299,1.4698916987230288,-43.545620645210946,5.0,0.0,-2.8559932651272177,-0.6112103572530463,1.1685550049712359
47.6,-0.5088454810160499,1.6813567890400742,-43.8312199722116,5.0,0.0,-2.855993270006543,-0.5134635440353165,0.4829304573429847
47.7,-0.014540714591037895,1.7566083530737495,-44.116819300064954,5.0,0.0,-2.855993278533539,-0.14844772324589936,2.50810453132374
47.800000000000004,0.4809420514471995,1.6895499564399399,-44.402418628989786,5.0,0.0,-2.855993289248296,0.9892765637945546,1.5361074017312955
47.900000000000006,0.9374617511232449,1.4856142709709832,-44.6880179590674,5.0,0.0,-2.8559933007761416,-0.01004391886946443,0.8454964584915121
48.0,1.3180338738509134,1.1613229522426576,-44.973617290260776,5.0,0.0,-2.8559933119337657,1.7287391741158833,1.7990611167925883
48.1,1.5918267295727935,0.7429481535804319,-45.25921662244056,5.0,0.0,-2.8559933217978895,1.8311347915051386,0.36942672673284116
48.2,1.7366592491017845,0.2643841126340978,-45.54481595541433,5.0,0.0,-2.8559933297376645,1.2732115171581218,0.3553461252412914
48.300000000000004,1.7407979626579524,-0.2355987581225913,-45.83041528895581,5.0,0.0,-2.855993335414844,0.8932696183924123,0.580078360822422
48.400000000000006,1.6039075760079073,-0.7164948197022233,-46.11601462283158,5.0,0.0,-2.8559933387576493,1.6323814691019807,-1.0146195357814727
48.5,1.3370781341259597,-1.1393447327268902,-46.4016139568232,5.0,0.0,-2.855993339916175,1.3151206619948852,-0.46691392561034795
48.6,0.9619265717195864,-1.4698917115726469,-46.687213290743834,5.0,0.0,-2.855993339206343,1.4665949087981396,-1.3693270515889853
48.7,0.5088454376681604,-1.6813568055401238,-46.97281262444883,5.0,0.0,-2.8559933370499593,-0.09375964124128577,-1.7594427819048224
48.800000000000004,0.014540671344930978,-1.7566083702423783,-47.2584119578405,5.0,0.0,-2.85599333391675,-0.5312759659490371,-1.7076413118024836
48.900000000000006,-0.4809420944126164,-1.6895499715345998,-47.54401129086784,5.0,0.0,-2.8559933302733995,-0.3365974903161174,-0.9354896541143012
49.0,-0.937461792398389,-1.4856142822818872,-47.829610623522086,5.0,0.0,-2.8559933265424533,-1.1443595082664888,-1.0402270750842741
49.1,-1.3180339116026676,-1.161322959418687,-48.115209955829414,5.0,0.0,-2.855993323073271,-1.9067632433732107,-1.862340671697948
49.2,-1.591826762312901,-0.7429481574767393,-48.40080928784189,5.0,0.0,-2.8559933201247176,-1.3666553948420272,-0.5516573896638022
49.300000000000004,-1.736659276189317,-0.2643841148197112,-48.686408619627855,5.0,0.0,-2.855993317859678,-2.0522650305468764,-0.611990265421861
49.400000000000006,-1.7407979844338004,0.23559875598094643,-48.97200795126274,5.0,0.0,-2.8559933163488083,-1.5377140254895483,0.37121131734679524
49.5,-1.6039075935917202,0.7164948163672866,-49.25760728282094,5.0,0.0,-2.8559933155820474,-0.9975480277649025,-0.1929265439615332
49.6,-1.3370781490037147,1.1393447276843598,-49.54320661436944,5.0,0.0,-2.855993315484959,-0.943143121989133,1.7301018981104188
49.7,-0.9619265852895498,1.4698917050458489,-49.828805945963204,5.0,0.0,-2.8559933159376314,-0.7745647497693868,0.8188153331330923
49.800000000000004,-0.5088454508935254,1.6813567982749955,-50.11440527764263,5.0,0.0,-2.8559933167942617,0.0982614287142749,1.646330968384139
49.900000000000006,-0.014540684600094722,1.7566083631729892,-50.40000460943273,5.0,0.0,-2.8559933179009747,-0.3528525016243147,1.7921407245609757
50.0,0.48094208129140636,1.6895499654549706,-50.68560394134384,5.0,0.0,-2.855993319111171,0.6191538167347509,1.154009947672813
50.1,0.9374617799121927,1.4856142776237662,-50.971203273373554,5.0,0.0,-2.8559933202971237,0.6547139043075688,1.5724177270335593
50.2,1.3180339003287778,1.1613229561832683,-51.256802605509336,5.0,0.0,-2.855993321357822,1.2563775232255812,1.322216226982583
50.300000000000004,1.591826752674803,0.7429481553118156,-51.54240193773161,5.0,0.0,-2.85599332222278,1.1431108084708272,1.604843068062493
50.400000000000006,1.7366592683219393,0.2643841131906779,-51.828001270016856,5.0,0.0,-2.8559933228524343,2.3616165747388322,0.5804795089495749
50.5,1.7407979781667642,-0.23559875759673254,-52.11360060234044,5.0,0.0,-2.8559933232358716,2.223037417081665,-0.6678768354297596
50.6,1.6039075885327392,-0.7164948183269539,-52.39919993467906,5.0,0.0,-2.85599332338618,0.7907755243257854,-1.4317382151053775
50.7,1.3370781446769722,-1.1393447301060888,-52.68479926701252,5.0,0.0,-2.8559933233346513,1.7505069913445455,-1.556104043973932
50.800000000000004,0.9619265812757392,-1.4698917078227376,-52.97039859932499,5.0,0.0,-2.8559933231246433,1.7936752264631717,-1.4730191481259673
50.900000000000006,0.5088454469279309,-1.6813568011551911,-53.25599793160551,5.0,0.0,-2.8559933228052685,1.2069596318971145,-2.2828936781976834
51.0,0.014540680606424772,-1.7566083658687657,-53.54159726384811,5.0,0.0,-2.855993322425981,-1.1776596900948948,-1.7675357777939351
51.1,-0.48094208522971355,-1.6895499677416814,-53.82719659605132,5.0,0.0,-2.8559933220321128,-1.1048234296848878,-1.2882352487429087
51.2,-0.9374617836225636,-1.4856142794002307,-54.11279592821747,5.0,0.0,-2.8559933216614937,-0.44448790303656766,-2.4057052333134434
51.300000000000004,-1.3180339036324467,-1.1613229574824477,-54.39839526035175,5.0,0.0,-2.855993321342744,-1.2318864064247108,-1.1939758793416295
51.400000000000006,-1.5918267554544074,-0.7429481562680368,-54.683994592461175,5.0,0.0,-2.8559933210942816,-1.5271227239495906,-0.3967698636825548
51.5,-1.7366592705560904,-0.2643841139818232,-54.96959392455366,5.0,0.0,-2.855993320924803,-1.5620078128181552,-0.6495735757321646
51.6,-1.7407979799274278,0.2355987568095066,-55.25519325663708,5.0,0.0,-2.855993320834223,-2.208274622525892,0.8913747154183634
51.7,-1.603907589953484,0.716494817442968,-55.540792588718624,5.0,0.0,-2.8559933208154646,-1.718925465159695,0.8252774349297153
51.800000000000004,-1.3370781459075318,1.1393447291020908,-55.82639192080427,5.0,0.0,-2.8559933208564203,-1.2909352635915234,1.1103643671137584
51.900000000000006,-0.9619265824395435,1.4698917067429762,-56.11199125289847,5.0,0.0,-2.8559933209420265,-0.8449797715853123,0.7244941874036658
52.0,-0.5088454480951843,1.6813568000828196,-56.397590585004075,5.0,0.0,-2.855993321056026,-0.875854653119196,1.2285462204652338
52.1,-0.014540681788068721,1.756608364890921,-56.68318991712236,5.0,0.0,-2.8559933211828437,0.04513806426307114,1.913043313291288
52.2,0.4809420840692293,1.6895499669201821,-56.968789249253234,5.0,0.0,-2.855993321308695,0.34486811472659645,1.687531421799243
52.300000000000004,0.9374617825411822,1.4856142787558073,-57.25438858139549,5.0,0.0,-2.8559933214225808,0.5674052414636097,1.4859811472549953
52.400000000000006,1.318033902684601,1.1613229569947352,-57.53998791354715,5.0,0.0,-2.855993321516628,2.4569853493884644,1.2101485692271072
52.5,1.591826754671565,0.7429481558883055,-57.825587245705776,5.0,0.0,-2.85599332158629,0.9636739884736727,1.5036057675126497
52.6,1.7366592699384447,0.2643841136520871,-58.11118657786878,5.0,0.0,-2.8559933216300024,1.578875988711121,0.8142933519529683
52.7,1.740797979447113,-0.23559875713810602,-58.396785910033664,5.0,0.0,-2.855993321648846,0.7630894446977853,-0.6031103912343831
52.800000000000004,1.603907589566082,-0.7164948177980155,-58.68238524219826,5.0,0.0,-2.855993321645961,1.4950357589062846,-0.7651485547212533
52.900000000000006,1.3370781455667105,-1.1393447294865322,-58.96798457436083,5.0,0.0,-2.855993321625725,1.5817463714730287,-0.6946068275540396
53.0,0.9619265821097083,-1.469891707139886,-59.253583906520156,5.0,0.0,-2.8559933215932958,0.6730880780798361,-1.7077904086703304
53.1,0.5088454477586049,-1.6813568004652797,-59.53918323867555,5.0,0.0,-2.8559933215539033,0.34123666367209415,-1.9617279893661212
53.2,0.014540681445342651,-1.756608365233006,-59.824782570826784,5.0,0.0,-2.855993321512379,0.43077074043583385,-1.7881620171574784
53.300000000000004,-0.48094208440426855,-1.6895499672054708,-60.11038190297407,5.0,0.0,-2.8559933214728446,-0.7560286360235724,-1.7120082451657033
53.400000000000006,-0.9374617828494974,-1.4856142789812727,-60.395981235117915,5.0,0.0,-2.8559933214384543,-2.2718973301366003,-1.3899477696872446
53.5,-1.3180339029499044,-1.1613229571697241,-60.68158056725904,5.0,0.0,-2.8559933214112263,-1.379503798730814,-1.0798534405890599
53.6,-1.5918267548857863,-0.7429481560298655,-60.96717989939827,5.0,0.0,-2.8559933213922974,-1.320431511468413,-1.4495588007926528
53.7,-1.7366592701035184,-0.264384113778773,-61.25277923153644,5.0,0.0,-2.855993321381696,-2.365079467563816,-0.1655044391323392
53.800000000000004,-1.7407979795732555,0.23559875701174232,-61.53837856367432,5.0,0.0,-2.8559933213788256,-2.407253786049835,-0.27116113588091545
53.900000000000006,-1.6039075896677641,0.716494817664689,-61.82397789581256,5.0,0.0,-2.8559933213824067,-1.2310969865644856,0.7307996404842333
54.0,-1.3370781456580285,1.1393447293466656,-62.109577227951654,5.0,0.0,-2.855993321390905,-0.9544086491623821,1.4243011240974817
54.1,-0.9619265822006846,1.4698917069996318,-62.39517656009191,5.0,0.0,-2.855993321402586,-0.7018788228478643,1.91982402645626
54.2,-0.5088454478533955,1.6813568003331978,-62.6807758922335,5.0,0.0,-2.855993321415859,-0.48153061854094537,2.23519222453636
54.300000000000004,-0.014540681542529577,1.7566083651166644,-62.96637522437642,5.0,0.0,-2.8559933214292172,0.14105516862659503,2.2509883580192502
54.400000000000006,0.4809420843097745,1.689549967109026,-63.251974556520565,5.0,0.0,-2.85599332144141,0.6795201972555585,1.2029340133959958
54.5,0.9374617827638332,1.4856142789045939,-63.537573888665726,5.0,0.0,-2.8559933214516136,0.00247055515293626,1.0827129101842523
54.6,1.3180339028778547,1.1613229571090227,-63.823173220811654,5.0,0.0,-2.855993321459316,1.5638217390893636,2.3003814012755956
54.7,1.5918267548292915,0.7429481559793435,-64.10877255295809,5.0,0.0,-2.8559933214642896,2.1314883421044897,0.10281721111556552
54.800000000000004,1.736659270061368,0.26438411373259224,-64.39437188510475,5.0,0.0,-2.8559933214665634,2.3297891992334665,0.32227130023176953
54.900000000000006,1.7407979795418467,-0.23559875705783417,-64.6799712172514,5.0,0.0,-2.855993321466535,1.9159055608167959,-1.1344397544101308
55.0,1.6039075896424666,-0.7164948177125204,-64.96557054939787,5.0,0.0,-2.8559933214646165,1.071721788202357,-0.6881680993216881
55.1,1.3370781456346286,-1.1393447293956944,-65.251169881544,5.0,0.0,-2.8559933214613196,1.4546835906497972,-1.0193907962159012
55.2,0.9619265821764402,-1.4698917070477022,-65.53676921368972,5.0,0.0,-2.8559933214572553,0.09300516920028257,-1.5479711936237082
55.300000000000004,0.5088454478274556,-1.6813568003776351,-65.822368545835,5.0,0.0,-2.8559933214528783,0.6035945687763845,-1.6736281587824258
55.400000000000006,0.014540681515708254,-1.756608365155312,-66.10796787797987,5.0,0.0,-2.8559933214487003,-0.5391115302338954,-1.5871273423093253
55.5,-0.48094208433567975,-1.689549967140905,-66.39356721012437,5.0,0.0,-2.8559933214450055,-0.5908521194037945,-2.2493638734083676
55.6,-0.9374617827868803,-1.4856142789300748,-66.67916654226858,5.0,0.0,-2.8559933214420212,-1.0806733259418235,-1.323519331643567
55.7,-1.3180339028966679,-1.1613229571295347,-66.96476587441256,5.0,0.0,-2.8559933214398896,-2.0999778782172016,-2.07889573226979
55.800000000000004,-1.591826754843454,-0.7429481559968119,-67.25036520655642,5.0,0.0,-2.8559933214386675,-1.4685809920709176,-1.341211370415882
55.900000000000006,-1.7366592700714416,-0.2643841137488231,-67.53596453870026,5.0,0.0,-2.8559933214382696,-2.0894413240985745,-0.6085597667377729
56.0,-1.740797979549062,0.23559875704162697,-67.82156387084412,5.0,0.0,-2.855993321438554,-1.5309830079676292,-0.39991496461846293
56.1,-1.6039075896482793,0.716494817695914,-68.10716320298805,5.0,0.0,-2.855993321439378,-1.9556146639042404,0.30233614400852865
56.2,-1.3370781456402774,1.1393447293789847,-68.3927625351321,5.0,0.0,-2.8559933214406,-1.7474217082663916,1.0248745240256665
56.300000000000004,-0.961926582182647,1.4698917070316257,-68.67836186727631,5.0,0.0,-2.8559933214419644,0.4537263671557705,1.4261427932359394
56.400000000000006,-0.5088454478343407,1.6813568003630124,-68.96396119942065,5.0,0.0,-2.8559933214433855,-0.8955010255742382,1.1509170439942094
56.5,-0.01454068152290533,1.7566083651427387,-69.24956053156512,5.0,0.0,-2.8559933214446644,-0.17831187476123816,2.2827286729604426
56.6,0.4809420843287875,1.6895499671305834,-69.5351598637097,5.0,0.0,-2.855993321445773,-0.17466287167933425,0.7991218596119863
56.7,0.9374617827809002,1.485614278921795,-69.82075919585435,5.0,0.0,-2.8559933214466255,1.6279139330917618,2.8871560613180365
56.800000000000004,1.318033902891991,1.1613229571227843,-70.10635852799908,5.0,0.0,-2.8559933214472224,2.1922952624073155,0.9697534684029684
56.900000000000006,1.591826754840149,0.7429481559909594,-70.39195786014382,5.0,0.0,-2.855993321447478,1.9476554785147666,1.8825767229139816
57.0,1.7366592700692844,0.2643841137433181,-70.67755719228857,5.0,0.0,-2.855993321447535,1.3422656006229778,0.21964331151480437
57.1,1.740797979547642,-0.2355987570471259,-70.9631565244333,5.0,0.0,-2.855993321447336,1.037456126958532,0.22490506570847402
57.2,1.6039075896471515,-0.716494817701496,-71.248755856578,5.0,0.0,-2.8559933214470092,1.601982546045022,-0.8578502041548703
57.300000000000004,1.3370781456390821,-1.1393447293845242,-71.53435518872266,5.0,0.0,-2.8559933214466113,0.37999561994984343,-0.9844890782282129
57.400000000000006,0.9619265821812015,-1.4698917070368813,-71.81995452086727,5.0,0.0,-2.855993321446128,0.5286011295062437,-1.675449617164792
57.5,0.5088454478326481,-1.6813568003677384,-72.10555385301184,5.0,0.0,-2.8559933214456734,0.14820035959066363,-0.6167115282826447
57.6,0.014540681521107712,-1.7566083651467745,-72.39115318515637,5.0,0.0,-2.8559933214452755,-1.119952565639245,-1.1779560809758918
57.7,-0.4809420843304876,-1.6895499671338994,-72.67675251730087,5.0,0.0,-2.8559933214449345,-0.2695052167643004,-1.1982391936872958
57.800000000000004,-0.9374617827823184,-1.4856142789244802,-72.96235184944534,5.0,0.0,-2.855993321444707,-1.2818315393720845,-1.3154975750539784
57.900000000000006,-1.3180339028930208,-1.1613229571250137,-73.2479511815898,5.0,0.0,-2.8559933214445365,-1.7318780349392104,-1.3476595199610997
58.0,-1.591826754840791,-0.742948155992935,-73.53355051373426,5.0,0.0,-2.855993321444508,-0.4885508645528158,-1.3346472044331228
58.1,-1.7366592700696186,-0.2643841137452005,-73.81914984587871,5.0,0.0,-2.855993321444508,-2.093890955579401,-1.018246627404424
58.2,-1.7407979795478041,0.23559875704524486,-74.10474917802317,5.0,0.0,-2.8559933214445934,-1.4882124152160592,0.2348834920558264
58.300000000000004,-1.6039075896472779,0.7164948176996049,-74.39034851016764,5.0,0.0,-2.8559933214447355,-2.6275920224128395,1.1493233803447884
58.400000000000006,-1.337078145639273,1.1393447293826737,-74.67594784231213,5.0,0.0,-2.8559933214448776,-1.1732428520491869,1.3330683897101303
58.5,-0.9619265821814995,1.4698917070351523,-74.96154717445663,5.0,0.0,-2.855993321445048,-1.2003008930584966,1.153690797736362
58.6,-0.5088454478330385,1.6813568003662074,-75.24714650660114,5.0,0.0,-2.8559933214451902,-1.3249002095710805,2.3713663911762337
58.7,-0.014540681521535315,1.7566083651454876,-75.53274583874567,5.0,0.0,-2.8559933214453324,-0.7615511899577482,1.5243851642455095
58.800000000000004,0.4809420843300931,1.689549967132857,-75.81834517089021,5.0,0.0,-2.855993321445446,-0.0945477748215805,2.2600409158982293
58.900000000000006,0.937461782782016,1.485614278923644,-76.10394450303477,5.0,0.0,-2.855993321445503,0.7315425290941019,0.4373909501028419
59.0,1.3180339028928372,1.1613229571243169,-76.38954383517932,5.0,0.0,-2.855993321445503,1.611180808053112,0.6277639194503283
59.1,1.5918267548407188,0.7429481559923111,-76.67514316732387,5.0,0.0,-2.8559933214454745,1.7932182537999182,-0.09788108730298828
59.2,1.7366592700696333,0.2643841137446029,-76.96074249946841,5.0,0.0,-2.8559933214454745,2.318798125780459,0.54321126371003
59.300000000000004,1.7407979795478667,-0.2355987570458421,-77.24634183161295,5.0,0.0,-2.855993321445446,1.9618972490870124,-0.3386673378389711
59.400000000000006,1.6039075896473456,-0.7164948177002035,-77.5319411637575,5.0,0.0,-2.8559933214454034,1.5931951078821909,-0.9591930006881624
59.5,1.3370781456393155,-1.1393447293832564,-77.81754049590202,5.0,0.0,-2.8559933214453466,1.6112937656934576,-1.1633478951101734
59.6,0.961926582181508,-1.4698917070356963,-78.10313982804655,5.0,0.0,-2.855993321445318,0.9037629794255467,-2.1735576541028556
59.7,0.5088454478330191,-1.6813568003666919,-78.38873916019108,5.0,0.0,-2.8559933214452613,0.09004426263939302,-1.7078438304860646
59.800000000000004,0.01454068152150495,-1.7566083651459001,-78.67433849233561,5.0,0.0,-2.855993321445233,-0.15860749612071565,-1.1866305756765265
59.900000000000006,-0.4809420843301137,-1.6895499671331977,-78.95993782448012,5.0,0.0,-2.855993321445176,-0.15150735506181978,-1.1464062565129447
60.0,-0.9374617827820128,-1.485614278923931,-79.24553715662464,5.0,0.0,-2.855993321445176,-1.4918422373447888,-1.483029286389943
60.1,-1.3180339028928096,-1.1613229571245756,-79.53113648876915,5.0,0.0,-2.855993321445176,-0.8822774626665812,-1.5363439053717847
60.2,-1.591826754840678,-0.742948155992561,-79.81673582091366,5.0,0.0,-2.855993321445176,-1.5603206173534732,-1.8406085492914372
60.300000000000004,-1.7366592700695909,-0.2643841137448523,-80.10233515305818,5.0,0.0,-2.8559933214452045,-1.5905206646701688,0.4059498995943727
60.400000000000006,-1.7407979795478368,0.23559875704559258,-80.38793448520269,5.0,0.0,-2.8559933214452045,-1.260044138303629,1.345081984159748
60.5,-1.6039075896473414,0.7164948176999615,-80.67353381734722,5.0,0.0,-2.855993321445233,-2.275831755503742,-0.5300126289048528
60.6,-1.3370781456393397,1.1393447293830323,-80.95913314949175,5.0,0.0,-2.855993321445233,-0.7482785699828479,0.8835203619851164
60.7,-0.9619265821815544,1.4698917070354975,-81.24473248163628,5.0,0.0,-2.855993321445233,-0.3892659711800759,1.2955038187418937
60.800000000000004,-0.50884544783308,1.6813568003665238,-81.5303318137808,5.0,0.0,-2.855993321445233,-1.0477532367357099,1.280218341005226
60.900000000000006,-0.014540681521570842,1.7566083651457656,-81.81593114592533,5.0,0.0,-2.855993321445233,-0.516362812726197,1.5471930032970083
61.0,0.48094208433005237,1.6895499671330965,-82.10153047806986,5.0,0.0,-2.855993321445233,1.1836839365229352,1.6760684894572386
61.1,0.9374617827819622,1.4856142789238542,-82.38712981021439,5.0,0.0,-2.855993321445233,1.1482047949597805,1.8586473794920604
61.2,1.318033902892772,1.1613229571245136,-82.67272914235892,5.0,0.0,-2.8559933214452613,0.9198166729666246,1.3708395894827292
61.300000000000004,1.5918267548406506,0.742948155992506,-82.95832847450345,5.0,0.0,-2.8559933214452613,2.1143040297304205,1.1826831455688898
61.400000000000006,1.7366592700695687,0.26438411374479875,-83.24392780664797,5.0,0.0,-2.8559933214452613,1.151496894680592,0.45506069202162325
61.5,1.740797979547813,-0.23559875704564615,-83.5295271387925,5.0,0.0,-2.8559933214452613,2.036854780545382,-0.19202900414045931
61.6,1.6039075896473092,-0.7164948177000126,-83.81512647093703,5.0,0.0,-2.8559933214452755,1.4811242570279295,-1.7480450028457812
61.7,1.3370781456393002,-1.1393447293830787,-84.10072580308156,5.0,0.0,-2.8559933214452755,-0.3084304321399689,-1.2153279190407826
61.800000000000004,0.9619265821815091,-1.4698917070355373,-84.38632513522609,5.0,0.0,-2.8559933214452755,0.6914357747493635,-1.4804799322283637
61.900000000000006,0.5088454478330309,-1.6813568003665555,-84.67192446737062,5.0,0.0,-2.8559933214452755,0.08836894880345392,-2.132814193982686
62.0,0.014540681521520438,-1.7566083651457887,-84.95752379951514,5.0,0.0,-2.8559933214452755,-0.034437126060390524,-2.0710035148143486
62.1,-0.4809420843301016,-1.689549967133111,-85.24312313165967,5.0,0.0,-2.8559933214452755,-0.05704579007602828,-1.4609580103991333
62.2,-0.937461782782008,-1.4856142789238604,-85.5287224638042,5.0,0.0,-2.855993321445247,-0.5312622905377595,-0.5547901562750274
62.300000000000004,-1.3180339028928119,-1.1613229571245132,-85.81432179594873,5.0,0.0,-2.855993321445247,-1.290296737648071,-1.0874578144394835
62.400000000000006,-1.5918267548406833,-0.7429481559925006,-86.09992112809326,5.0,0.0,-2.855993321445247,-2.302100238336778,-0.36637107046732836
62.5,-1.7366592700695929,-0.2643841137447909,-86.38552046023779,5.0,0.0,-2.855993321445247,-1.9617178186013062,-0.22450980874987214
62.6,-1.7407979795478283,0.23559875704565408,-86.67111979238231,5.0,0.0,-2.855993321445247,-2.4646496192482013,0.6358439122431514
62.7,-1.6039075896473158,0.7164948177000181,-86.95671912452684,5.0,0.0,-2.855993321445247,-2.0628766321521175,0.45279793606231966
62.800000000000004,-1.3370781456392993,1.1393447293830796,-87.24231845667137,5.0,0.0,-2.855993321445247,-1.2129095033804975,1.8259940082871329
62.900000000000006,-0.9619265821815024,1.4698917070355315,-87.5279177888159,5.0,0.0,-2.855993321445247,-1.0021575788506065,1.0525030203446288
63.0,-0.5088454478330204,1.6813568003665418,-87.81351712096043,5.0,0.0,-2.855993321445247,-0.3713698108588922,1.5138204987608286
63.1,-0.01454068152150867,1.756608365145766,-88.09911645310495,5.0,0.0,-2.855993321445247,-0.1487922214064206,2.7584630157887133
63.2,0.4809420843301122,1.6895499671330796,-88.38471578524948,5.0,0.0,-2.855993321445247,0.6927807798353343,2.5024649949019313
63.300000000000004,0.937461782782015,1.4856142789238211,-88.67031511739401,5.0,0.0,-2.855993321445247,1.2536636722535832,1.364962175719328
63.400000000000006,1.3180339028928132,1.1613229571244672,-88.95591444953854,5.0,0.0,-2.855993321445247,0.8908194846556172,1.5620540938388818
63.5,1.5918267548406773,0.7429481559924499,-89.24151378168307,5.0,0.0,-2.855993321445247,1.4899221599739556,1.322641334500384
63.6,1.7366592700695784,0.26438411374473764,-89.5271131138276,5.0,0.0,-2.855993321445247,1.6301633741136812,0.9067205109827676
63.7,1.740797979547805,-0.23559875704570743,-89.81271244597212,5.0,0.0,-2.8559933214452755,1.8818348175198574,-0.7569946607537545
63.800000000000004,1.603907589647284,-0.716494817700069,-90.09831177811665,5.0,0.0,-2.8559933214452613,1.2641750095420137,-1.0464657283314072
63.900000000000006,1.3370781456392602,-1.1393447293831256,-90.38391111026118,5.0,0.0,-2.8559933214452613,1.1685083847015374,-0.8020849859640609
64.0,0.9619265821814573,-1.469891707035571,-90.66951044240571,5.0,0.0,-2.8559933214452613,0.0864737959017351,-1.7012990066240137
64.10000000000001,0.5088454478329716,-1.6813568003665733,-90.95510977455024,5.0,0.0,-2.8559933214452613,1.0187686312650996,-2.1725984160472835
64.2,0.014540681521458487,-1.7566083651457889,-91.24070910669477,5.0,0.0,-2.8559933214452613,0.41128486641458384,-0.883951593883328
64.3,-0.48094208433016117,-1.6895499671330936,-91.5263084388393,5.0,0.0,-2.8559933214452613,-0.564004633021772,-0.5908722434665401
64.4,-0.9374617827820603,-1.4856142789238271,-91.81190777098382,5.0,0.0,-2.8559933214452613,-0.8851725794940042,-0.6071347949505221
64.5,-1.3180339028928527,-1.1613229571244665,-92.09750710312835,5.0,0.0,-2.8559933214452613,-0.9686098356143753,-0.7962089038223948
64.60000000000001,-1.5918267548407092,-0.7429481559924443,-92.38310643527288,5.0,0.0,-2.8559933214452613,-1.808564982346604,-0.6645968106289099
64.7,-1.736659270069602,-0.2643841137447295,-92.6687057674174,5.0,0.0,-2.855993321445233,-2.2364873756155244,-1.2102248647148648
64.8,-1.7407979795478197,0.2355987570457156,-92.95430509956194,5.0,0.0,-2.855993321445233,-2.427547566884601,-0.10165434184700406
64.9,-1.6039075896472903,0.7164948177000747,-93.23990443170646,5.0,0.0,-2.855993321445233,-1.7008206110795032,0.6697196213396595
65.0,-1.3370781456392589,1.1393447293831267,-93.52550376385099,5.0,0.0,-2.855993321445233,-1.1345801450727242,1.61607026478677
65.10000000000001,-0.9619265821814502,1.4698917070355655,-93.81110309599552,5.0,0.0,-2.855993321445233,-1.6626736266521642,2.6317992551933704
65.2,-0.5088454478329608,1.6813568003665598,-94.09670242814005,5.0,0.0,-2.855993321445233,-0.3868492393259464,1.932279617057788
65.3,-0.014540681521446386,1.7566083651457667,-94.38230176028458,5.0,0.0,-2.855993321445233,-0.30152253416823144,1.0860650942218355
65.4,0.4809420843301721,1.6895499671330627,-94.6679010924291,5.0,0.0,-2.855993321445233,0.3673767463308892,2.255893135248564
65.5,0.9374617827820676,1.4856142789237883,-94.95350042457363,5.0,0.0,-2.855993321445233,0.4004626003381776,1.1388054460284736
65.60000000000001,1.3180339028928545,1.1613229571244208,-95.23909975671816,5.0,0.0,-2.8559933214452613,2.0381064669538276,0.8636412026372373
65.7,1.5918267548407037,0.7429481559923938,-95.52469908886269,5.0,0.0,-2.8559933214452613,2.4057664049806124,0.949347059504161
65.8,1.736659270069588,0.2643841137446764,-95.81029842100722,5.0,0.0,-2.8559933214452613,1.9884308059256925,-0.40046390457829284
65.9,1.740797979547797,-0.23559875704576877,-96.09589775315175,5.0,0.0,-2.8559933214452613,1.9161091028576558,-0.555687596806804
66.0,1.6039075896472592,-0.7164948177001256,-96.38149708529627,5.0,0.0,-2.8559933214452755,1.6273605605221126,-0.29376071877776216
66.10000000000001,1.3370781456392202,-1.1393447293831729,-96.6670964174408,5.0,0.0,-2.8559933214452755,0.654842039931223,-1.0466273394176513
66.2,0.9619265821814058,-1.469891707035605,-96.95269574958533,5.0,0.0,-2.8559933214452755,0.26625732122194135,-0.8747575800133477
66.3,0.5088454478329127,-1.6813568003665913,-97.23829508172986,5.0,0.0,-2.8559933214452755,-0.21336526962210156,-1.2706185457200685
66.4,0.014540681521396981,-1.7566083651457896,-97.52389441387439,5.0,0.0,-2.8559933214452755,-0.18329882892738927,-1.5142075248274482
66.5,-0.48094208433022034,-1.689549967133077,-97.80949374601892,5.0,0.0,-2.855993321445247,-0.671908316426285,-1.6660816903473503
66.60000000000001,-0.9374617827821123,-1.4856142789237943,-98.09509307816344,5.0,0.0,-2.855993321445247,-0.48432872208226585,-2.5797154549137105
66.7,-1.3180339028928936,-1.1613229571244201,-98.38069241030797,5.0,0.0,-2.855993321445247,-1.3236489370583648,-1.1233747824616325
66.8,-1.5918267548407354,-0.7429481559923883,-98.6662917424525,5.0,0.0,-2.855993321445247,-1.210394363123739,-1.2027102500841864
66.9,-1.7366592700696113,-0.26438411374466836,-98.95189107459703,5.0,0.0,-2.855993321445247,-1.4038937977952974,-0.25490250032515
67.0,-1.7407979795478115,0.23559875704577687,-99.23749040674156,5.0,0.0,-2.855993321445247,-2.181169003668855,-0.06713215504951664
67.10000000000001,-1.6039075896472652,0.7164948177001312,-99.52308973888609,5.0,0.0,-2.855993321445247,-1.7957173177341876,0.7717317965633284
67.2,-1.337078145639219,1.1393447293831738,-99.80868907103061,5.0,0.0,-2.855993321445247,-1.623075045790522,1.3641948401337474
67.3,-0.9619265821813987,1.4698917070355992,-100.09428840317514,5.0,0.0,-2.855993321445247,-1.045421928220005,1.7676970097136304
67.4,-0.5088454478329019,1.6813568003665775,-100.37988773531967,5.0,0.0,-2.855993321445247,-0.6278552199036642,1.6620382824574225
67.5,-0.014540681521384768,1.756608365145767,-100.6654870674642,5.0,0.0,-2.855993321445247,-0.3347175320016294,1.3427326843559304
67.60000000000001,0.48094208433023133,1.6895499671330454,-100.95108639960873,5.0,0.0,-2.855993321445247,-0.787996104446182,2.337441177038155
67.7,0.9374617827821197,1.4856142789237547,-101.23668573175325,5.0,0.0,-2.855993321445247,0.9869027359551632,2.1445970557539824
67.8,1.3180339028928951,1.161322957124374,-101.52228506389778,5.0,0.0,-2.855993321445247,2.126032579869432,0.889645914034369
67.9,1.5918267548407297,0.7429481559923372,-101.80788439604231,5.0,0.0,-2.855993321445247,1.0325660354423594,0.30593907428699063
68.0,1.736659270069597,0.26438411374461473,-102.09348372818684,5.0,0.0,-2.855993321445247,2.1059394803162235,0.08555023158827837
68.10000000000001,1.7407979795477884,-0.2355987570458306,-102.37908306033137,5.0,0.0,-2.8559933214452755,1.5859715082062187,0.20624133226029606
68.2,1.6039075896472337,-0.7164948177001824,-102.6646823924759,5.0,0.0,-2.8559933214452613,1.1366101910588373,-0.6700853728797651
68.3,1.3370781456391798,-1.1393447293832204,-102.95028172462042,5.0,0.0,-2.8559933214452613,1.4149727511553272,-0.6670612472902901
68.4,0.9619265821813537,-1.4698917070356392,-103.23588105676495,5.0,0.0,-2.8559933214452613,0.9469271198083125,-1.3438392077521049
68.5,0.5088454478328531,-1.6813568003666095,-103.52148038890948,5.0,0.0,-2.8559933214452613,0.22656322426102454,-1.4572908615110869
68.60000000000001,0.014540681521334697,-1.7566083651457902,-103.80707972105401,5.0,0.0,-2.8559933214452613,0.04368240045289523,-0.988095717955864
68.7,-0.48094208433028024,-1.68954996713306,-104.09267905319854,5.0,0.0,-2.8559933214452613,-0.4929686102816236,-1.7163705333920032
68.8,-0.937461782782165,-1.4856142789237614,-104.37827838534307,5.0,0.0,-2.8559933214452613,-0.8253548577149338,-1.4091377981816833
68.9,-1.3180339028929347,-1.161322957124374,-104.6638777174876,5.0,0.0,-2.8559933214452613,-1.1784229799027996,-0.6515434372857327
69.0,-1.5918267548407619,-0.7429481559923325,-104.94947704963212,5.0,0.0,-2.855993321445233,-1.271836290994347,-0.12446674186723605
69.10000000000001,-1.7366592700696208,-0.26438411374460746,-105.23507638177665,5.0,0.0,-2.855993321445233,-1.4442434355187193,-0.7845431415386457
69.2,-1.7407979795478032,0.235598757045838,-105.52067571392118,5.0,0.0,-2.855993321445233,-1.9495834939434675,-0.5298659992805661
69.3,-1.60390758964724,0.7164948177001875,-105.8062750460657,5.0,0.0,-2.855993321445233,-1.2918129142169879,0.7101820207206929
69.4,-1.3370781456391787,1.1393447293832206,-106.09187437821024,5.0,0.0,-2.855993321445233,-1.6507193972090834,0.5458596972116829
69.5,-0.9619265821813467,1.469891707035633,-106.37747371035476,5.0,0.0,-2.855993321445233,-0.8224342947276967,1.077591008428469
69.60000000000001,-0.5088454478328424,1.6813568003665953,-106.66307304249929,5.0,0.0,-2.855993321445233,-0.8008695736686817,0.45141217639593756
69.7,-0.014540681521322596,1.7566083651457673,-106.94867237464382,5.0,0.0,-2.855993321445233,-0.9682570934452223,1.378027396857956
69.8,0.4809420843302912,1.6895499671330285,-107.23427170678835,5.0,0.0,-2.855993321445233,0.8590471512264117,1.7776884201994245
69.9,0.9374617827821723,1.4856142789237219,-107.51987103893288,5.0,0.0,-2.855993321445233,1.062775900035263,1.903551210661821
70.0,1.3180339028929362,1.1613229571243275,-107.8054703710774,5.0,0.0,-2.8559933214452613,1.0050068855053538,1.4625272047899864
70.10000000000001,1.5918267548407559,0.7429481559922813,-108.09106970322193,5.0,0.0,-2.8559933214452613,1.5227149272819032,0.3614890311707357
70.2,1.7366592700696064,0.2643841137445536,-108.37666903536646,5.0,0.0,-2.8559933214452613,1.4318315158490913,0.06512489016349857
70.3,1.7407979795477801,-0.23559875704589184,-108.66226836751099,5.0,0.0,-2.8559933214452613,1.0168013824915623,-1.016319629087749
70.4,1.6039075896472084,-0.7164948177002389,-108.94786769965552,5.0,0.0,-2.8559933214452755,2.1034696597010987,-1.303226007731669
70.5,1.3370781456391396,-1.1393447293832675,-109.23346703180005,5.0,0.0,-2.8559933214452755,0.7526297945958337,-1.3183995639986361
70.60000000000001,0.9619265821813019,-1.4698917070356732,-109.51906636394457,5.0,0.0,-2.8559933214452755,0.592299836710926,-1.7693808638742246
70.7,0.5088454478327938,-1.6813568003666275,-109.8046656960891,5.0,0.0,-2.8559933214452755,0.8677873126180592,-1.7529411829603558
70.8,0.014540681521272858,-1.7566083651457909,-110.09026502823363,5.0,0.0,-2.8559933214452755,-0.5097910686738631,-1.9957527555534458
70.9,-0.4809420843303397,-1.6895499671330432,-110.37586436037816,5.0,0.0,-2.855993321445247,-1.8620509242541945,-2.0325136557172874
71.0,-0.9374617827822173,-1.4856142789237283,-110.66146369252269,5.0,0.0,-2.855993321445247,-1.295420648147716,-0.8244222320068442
71.10000000000001,-1.3180339028929755,-1.1613229571243273,-110.94706302466722,5.0,0.0,-2.855993321445247,-0.773006337987436,-1.4271497000712206
71.2,-1.5918267548407878,-0.7429481559922761,-111.23266235681174,5.0,0.0,-2.855993321445247,-2.024330021771428,-1.2453241869615972
71.3,-1.73665927006963,-0.264384113744546,-111.51826168895627,5.0,0.0,-2.855993321445247,-2.025167186468424,0.10775016435917262
71.4,-1.7407979795477948,0.2355987570458995,-111.8038610211008,5.0,0.0,-2.855993321445247,-1.5944161809548203,0.03886382651057246
71.5,-1.6039075896472146,0.7164948177002441,-112.08946035324533,5.0,0.0,-2.855993321445247,-2.1427638785919627,1.0352984414042088
71.60000000000001,-1.3370781456391385,1.139344729383268,-112.37505968538986,5.0,0.0,-2.8559933214452187,-1.9522449676792424,1.0491640746334088
71.7,-0.961926582181295,1.469891707035667,-112.66065901753439,5.0,0.0,-2.8559933214452187,-1.6658658692840227,1.3844343955898157
71.8,-0.5088454478327833,1.6813568003666133,-112.94625834967891,5.0,0.0,-2.8559933214452187,-0.21539843859201185,1.3877282494286982
71.9,-0.014540681521260979,1.7566083651457678,-113.23185768182344,5.0,0.0,-2.855993321445247,0.10727534321095722,1.486524191827757
72.0,0.4809420843303504,1.6895499671330114,-113.51745701396797,5.0,0.0,-2.855993321445247,0.8433312562931029,1.3988456046301883
72.10000000000001,0.9374617827822243,1.4856142789236886,-113.8030563461125,5.0,0.0,-2.855993321445247,0.5351115381886288,1.6178043359561531
72.2,1.3180339028929768,1.161322957124281,-114.08865567825703,5.0,0.0,-2.855993321445247,1.9745536754823827,0.9270795374577913
72.3,1.5918267548407818,0.742948155992225,-114.37425501040155,5.0,0.0,-2.855993321445247,1.50169826363092,0.7197266974609655
72.4,1.7366592700696155,0.2643841137444923,-114.65985434254608,5.0,0.0,-2.855993321445247,2.144744710043022,-0.6775599689610123
72.5,1.7407979795477715,-0.23559875704595334,-114.94545367469061,5.0,0.0,-2.855993321445247,1.472447668847337,-0.24216859172636074
72.60000000000001,1.6039075896471828,-0.7164948177002957,-115.23105300683514,5.0,0.0,-2.8559933214452613,1.9686470607818511,-0.3508954858167941
72.7,1.3370781456390992,-1.1393447293833148,-115.51665233897967,5.0,0.0,-2.8559933214452613,2.228943245866795,-1.2054049891609024
72.8,0.9619265821812497,-1.4698917070357072,-115.8022516711242,5.0,0.0,-2.8559933214452613,1.7265820821577742,-1.0461299682362675
72.9,0.5088454478327342,-1.6813568003666455,-116.08785100326872,5.0,0.0,-2.8559933214452613,0.5969748002850404,-1.9199368770760121
73.0,0.014540681521210574,-1.7566083651457913,-116.37345033541325,5.0,0.0,-2.8559933214452613,0.1282177726063627,-1.4438014884951196
73.10000000000001,-0.48094208433039964,-1.689549967133026,-116.65904966755778,5.0,0.0,-2.8559933214452613,-0.2621473825880152,-1.6561334535301857
73.2,-0.93746178278227,-1.4856142789236952,-116.94464899970231,5.0,0.0,-2.8559933214452613,-0.574581337709277,-0.6299052255318561
73.3,-1.3180339028930168,-1.161322957124281,-117.23024833184684,5.0,0.0,-2.8559933214452613,-1.878090614301286,-1.313962151883488
73.4,-1.5918267548408145,-0.7429481559922201,-117.51584766399137,5.0,0.0,-2.855993321445233,-1.5385431954233346,-0.5166841002202764
73.5,-1.7366592700696397,-0.2643841137444848,-117.8014469961359,5.0,0.0,-2.855993321445233,-1.2015710578157304,-0.1796446288057063
73.60000000000001,-1.740797979547787,0.2355987570459609,-118.08704632828042,5.0,0.0,-2.855993321445233,-1.5455051896443965,0.1469716121173462
73.7,-1.6039075896471897,0.7164948177003008,-118.37264566042495,5.0,0.0,-2.855993321445233,-2.0274648034401777,1.039490184162306
73.8,-1.3370781456390985,1.139344729383315,-118.65824499256948,5.0,0.0,-2.855993321445233,-1.0073377683103768,1.1277669294804928
73.9,-0.9619265821812433,1.4698917070357007,-118.94384432471401,5.0,0.0,-2.855993321445233,-0.9714286642443158,0.2948461714056394
74.0,-0.508845447832724,1.681356800366631,-119.22944365685854,5.0,0.0,-2.855993321445233,-0.19744889785053688,2.131805051746969
74.10000000000001,-0.014540681521199028,1.7566083651457682,-119.51504298900306,5.0,0.0,-2.855993321445233,-0.5275158672513509,2.0580301988255854
74.2,0.48094208433040997,1.6895499671329943,-119.80064232114759,5.0,0.0,-2.855993321445233,-0.5068898527688579,1.8051701878950808
74.3,0.9374617827822768,1.4856142789236555,-120.08624165329212,5.0,0.0,-2.855993321445233,0.4296265540022125,1.9988344246681256
74.4,1.318033902893018,1.1613229571242345,-120.37184098543665,5.0,0.0,-2.855993321445233,1.7873260735875363,1.233485655785875
74.5,1.591826754840808,0.7429481559921689,-120.65744031758118,5.0,0.0,-2.8559933214452613,1.1692204844447212,1.310637355500203
74.60000000000001,1.7366592700696248,0.26438411374443105,-120.9430396497257,5.0,0.0,-2.8559933214452613,1.4173288329573464,0.33885801516601954
74.7,1.7407979795477633,-0.23559875704601474,-121.22863898187023,5.0,0.0,-2.8559933214452613,1.7133372267496536,-0.488663025971693
74.8,1.6039075896471575,-0.7164948177003521,-121.51423831401476,5.0,0.0,-2.8559933214452755,2.620344069244064,0.3520634620114529
74.9,1.337078145639059,-1.1393447293833616,-121.79983764615929,5.0,0.0,-2.8559933214452755,0.9267362785496774,-1.701254866238095
75.0,0.961926582181198,-1.4698917070357407,-122.08543697830382,5.0,0.0,-2.8559933214452755,0.8929422241724004,-1.2108626395891917
75.10000000000001,0.5088454478326749,-1.681356800366663,-122.37103631044835,5.0,0.0,-2.8559933214452755,0.04661931818492199,-1.9110071948814369
75.2,0.014540681521148624,-1.7566083651457913,-122.65663564259287,5.0,0.0,-2.8559933214452755,0.9630951423566109,-1.8620670587327384
75.3,-0.4809420843304592,-1.6895499671330088,-122.9422349747374,5.0,0.0,-2.855993321445247,-0.92180500443817,-0.9114181245025001
75.4,-0.9374617827823224,-1.4856142789236617,-123.22783430688193,5.0,0.0,-2.855993321445247,-0.7504358991397554,-1.4235916380129459
75.5,-1.3180339028930579,-1.1613229571242338,-123.51343363902646,5.0,0.0,-2.855993321445247,-1.679080603839114,-2.388867519352697
75.60000000000001,-1.5918267548408407,-0.7429481559921634,-123.79903297117099,5.0,0.0,-2.855993321445247,-1.8563967767384177,-0.6018727533418212
75.7,-1.736659270069649,-0.264384113744423,-124.08463230331552,5.0,0.0,-2.855993321445247,-1.895856782036797,-0.426482400297981
75.8,-1.7407979795477786,0.2355987570460229,-124.37023163546004,5.0,0.0,-2.855993321445247,-1.9968717803733915,0.41098208965595096
75.9,-1.6039075896471644,0.7164948177003578,-124.65583096760457,5.0,0.0,-2.855993321445247,-0.7417826714203742,0.19922231615447483
76.0,-1.3370781456390584,1.1393447293833627,-124.9414302997491,5.0,0.0,-2.8559933214452187,-1.2153778762876404,1.0567250958362
76.10000000000001,-0.9619265821811915,1.4698917070357354,-125.22702963189363,5.0,0.0,-2.8559933214452187,-1.4403066456176885,2.015364681484667
76.2,-0.5088454478326648,1.6813568003666497,-125.51262896403816,5.0,0.0,-2.8559933214452187,-0.0564738310655441,1.2581644378854955
76.3,-0.014540681521137189,1.7566083651457693,-125.79822829618269,5.0,0.0,-2.855993321445247,0.23165484803904376,1.7396644268859534
76.4,0.4809420843304695,1.689549967132978,-126.08382762832721,5.0,0.0,-2.855993321445247,0.9782528794035856,1.5321882921690082
76.5,0.9374617827823291,1.4856142789236229,-126.36942696047174,5.0,0.0,-2.855993321445247,0.3405344691303014,1.5127676551524294
76.60000000000001,1.3180339028930588,1.1613229571241883,-126.65502629261627,5.0,0.0,-2.855993321445247,1.0905840640827504,1.3193758581892687
76.7,1.5918267548408342,0.742948155992113,-126.9406256247608,5.0,0.0,-2.855993321445247,1.2813761635402983,0.1344466500826379
76.80000000000001,1.7366592700696342,0.26438411374437004,-127.22622495690533,5.0,0.0,-2.855993321445247,1.7292623589420493,0.3662000046009863
76.9,1.7407979795477548,-0.2355987570460759,-127.51182428904985,5.0,0.0,-2.855993321445247,0.9021607614880587,-0.45932053458589384
77.0,1.6039075896471322,-0.7164948177004085,-127.79742362119438,5.0,0.0,-2.8559933214452897,2.5155104239713326,-0.4973982084125739
77.10000000000001,1.3370781456390186,-1.1393447293834087,-128.0830229533389,5.0,0.0,-2.8559933214452897,1.5979827885805222,-1.687186482977634
77.2,0.9619265821811459,-1.4698917070357747,-128.36862228548344,5.0,0.0,-2.8559933214452897,-0.009257829968799536,-1.1115084093222414
77.30000000000001,0.5088454478326154,-1.681356800366681,-128.65422161762797,5.0,0.0,-2.8559933214452897,0.6633508161963334,-1.5239285067850443
77.4,0.014540681521086452,-1.756608365145792,-128.9398209497725,5.0,0.0,-2.8559933214452897,-0.46472176327740167,-1.9677492291695229
77.5,-0.480942084330519,-1.6895499671329919,-129.22542028191702,5.0,0.0,-2.8559933214452897,-0.203952360041737,-1.530794564592457
77.60000000000001,-0.937461782782375,-1.4856142789236289,-129.51101961406155,5.0,0.0,-2.8559933214452897,-0.7063157979520965,-0.8376567846167903
77.7,-1.318033902893099,-1.1613229571241876,-129.79661894620608,5.0,0.0,-2.8559933214452897,-1.197057178181919,-0.6098951838015944
77.80000000000001,-1.591826754840867,-0.7429481559921076,-130.0822182783506,5.0,0.0,-2.8559933214452897,-2.0770000194388225,-1.0751344376194472
77.9,-1.7366592700696586,-0.2643841137443621,-130.36781761049514,5.0,0.0,-2.8559933214452897,-1.5089252178085686,-0.46630423527376524
78.0,-1.7407979795477706,0.23559875704608385,-130.65341694263967,5.0,0.0,-2.8559933214452897,-2.2960625720953125,-0.18200575692133786
78.10000000000001,-1.6039075896471395,0.716494817700414,-130.9390162747842,5.0,0.0,-2.8559933214452897,-1.0624122018194813,0.6935699798160406
78.2,-1.3370781456390186,1.1393447293834096,-131.22461560692872,5.0,0.0,-2.855993321445233,-1.7750855412125677,1.8125216443789407
78.30000000000001,-0.96192658218114,1.4698917070357689,-131.51021493907325,5.0,0.0,-2.855993321445233,-1.5903193218757057,0.6195861693117641
78.4,-0.5088454478326059,1.6813568003666672,-131.79581427121778,5.0,0.0,-2.855993321445233,-0.3381673531523897,1.9215373707735797
78.5,-0.014540681521075571,1.7566083651457696,-132.0814136033623,5.0,0.0,-2.855993321445233,-0.031985808076848504,1.9156152323876308
78.60000000000001,0.4809420843305287,1.6895499671329608,-132.36701293550684,5.0,0.0,-2.8559933214452897,0.17902843286777076,1.2192619329053458
78.7,0.937461782782381,1.4856142789235895,-132.65261226765136,5.0,0.0,-2.8559933214452897,1.195591651945917,1.2413874929684652
78.80000000000001,1.3180339028930992,1.1613229571241417,-132.9382115997959,5.0,0.0,-2.8559933214452897,1.4119865051919411,1.9769098845972768
78.9,1.5918267548408598,0.7429481559920568,-133.22381093194042,5.0,0.0,-2.8559933214452897,2.2797276727129376,-0.05207569033711923
79.0,1.7366592700696428,0.2643841137443087,-133.50941026408495,5.0,0.0,-2.8559933214452897,1.1724686003111289,1.0755508102704547
79.10000000000001,1.740797979547746,-0.23559875704613736,-133.79500959622948,5.0,0.0,-2.8559933214452897,2.23383342558441,-0.6688947408598886
79.2,1.6039075896471062,-0.7164948177004651,-134.080608928374,5.0,0.0,-2.8559933214452755,1.3712410330193903,-0.6211180391406815
79.30000000000001,1.3370781456389778,-1.1393447293834558,-134.36620826051853,5.0,0.0,-2.8559933214452755,1.3946875191815697,-1.0146635012376586
79.4,0.9619265821810934,-1.4698917070358084,-134.65180759266306,5.0,0.0,-2.8559933214452755,0.4302702818209513,-2.112370892341622
79.5,0.5088454478325555,-1.6813568003666988,-134.9374069248076,5.0,0.0,-2.8559933214452755,0.4790338202189281,-1.4060653890868084
79.60000000000001,0.014540681521023835,-1.7566083651457922,-135.22300625695212,5.0,0.0,-2.8559933214452755,-0.7465562470712767,-1.6407679293181046
79.7,-0.4809420843305793,-1.6895499671329746,-135.50860558909665,5.0,0.0,-2.8559933214452755,-1.0699524343904214,-2.113804250841393
79.80000000000001,-0.937461782782428,-1.4856142789235953,-135.79420492124117,5.0,0.0,-2.8559933214452755,0.5322088655798459,-0.6276185243516276
79.9,-1.3180339028931405,-1.1613229571241406,-136.0798042533857,5.0,0.0,-2.8559933214452755,-0.8287916660663271,-0.31221447470295505
